2026-07-06 12:52:02,265 [Worker-2: Loading available Gradle versions] INFO  o.e.b.c.i.u.g.PublishedGradleVersions - Gradle version information cache is out-of-date. Trying to update.
2026-07-06 12:56:00,250 [Worker-23: Launching mavenrun-edc5eb61-2e77-485b-8669-130d9d8b60c7] INFO  o.eclipse.m2e.core.internal.Bundles - getClasspathEntries(Bundle=org.eclipse.m2e.maven.runtime_3.9.500.20231113-2345 [629])
2026-07-06 12:56:00,253 [Worker-23: Launching mavenrun-edc5eb61-2e77-485b-8669-130d9d8b60c7] INFO  o.eclipse.m2e.core.internal.Bundles - 	Entry: C:\eclipse-jee-2023-12-R-win32-x86_64\eclipse\plugins\org.eclipse.m2e.maven.runtime_3.9.500.20231113-2345
2026-07-06 12:56:00,254 [Worker-23: Launching mavenrun-edc5eb61-2e77-485b-8669-130d9d8b60c7] INFO  o.eclipse.m2e.core.internal.Bundles - 	Entry: C:\eclipse-jee-2023-12-R-win32-x86_64\eclipse\plugins\org.eclipse.m2e.maven.runtime_3.9.500.20231113-2345\jars\aopalliance-1.0.jar
2026-07-06 12:56:00,255 [Worker-23: Launching mavenrun-edc5eb61-2e77-485b-8669-130d9d8b60c7] INFO  o.eclipse.m2e.core.internal.Bundles - 	Entry: C:\eclipse-jee-2023-12-R-win32-x86_64\eclipse\plugins\org.eclipse.m2e.maven.runtime_3.9.500.20231113-2345\jars\guice-5.1.0.jar
2026-07-06 12:56:00,256 [Worker-23: Launching mavenrun-edc5eb61-2e77-485b-8669-130d9d8b60c7] INFO  o.eclipse.m2e.core.internal.Bundles - 	Entry: C:\eclipse-jee-2023-12-R-win32-x86_64\eclipse\plugins\org.eclipse.m2e.maven.runtime_3.9.500.20231113-2345\jars\httpclient-4.5.14.jar
2026-07-06 12:56:00,256 [Worker-23: Launching mavenrun-edc5eb61-2e77-485b-8669-130d9d8b60c7] INFO  o.eclipse.m2e.core.internal.Bundles - 	Entry: C:\eclipse-jee-2023-12-R-win32-x86_64\eclipse\plugins\org.eclipse.m2e.maven.runtime_3.9.500.20231113-2345\jars\httpcore-4.4.16.jar
2026-07-06 12:56:00,256 [Worker-23: Launching mavenrun-edc5eb61-2e77-485b-8669-130d9d8b60c7] INFO  o.eclipse.m2e.core.internal.Bundles - 	Entry: C:\eclipse-jee-2023-12-R-win32-x86_64\eclipse\plugins\org.eclipse.m2e.maven.runtime_3.9.500.20231113-2345\jars\jansi-2.4.0.jar
2026-07-06 12:56:00,256 [Worker-23: Launching mavenrun-edc5eb61-2e77-485b-8669-130d9d8b60c7] INFO  o.eclipse.m2e.core.internal.Bundles - 	Entry: C:\eclipse-jee-2023-12-R-win32-x86_64\eclipse\plugins\org.eclipse.m2e.maven.runtime_3.9.500.20231113-2345\jars\jcl-over-slf4j-1.7.36.jar
2026-07-06 12:56:00,258 [Worker-23: Launching mavenrun-edc5eb61-2e77-485b-8669-130d9d8b60c7] INFO  o.eclipse.m2e.core.internal.Bundles - 	Entry: C:\eclipse-jee-2023-12-R-win32-x86_64\eclipse\plugins\org.eclipse.m2e.maven.runtime_3.9.500.20231113-2345\jars\maven-artifact-3.9.5.jar
2026-07-06 12:56:00,258 [Worker-23: Launching mavenrun-edc5eb61-2e77-485b-8669-130d9d8b60c7] INFO  o.eclipse.m2e.core.internal.Bundles - 	Entry: C:\eclipse-jee-2023-12-R-win32-x86_64\eclipse\plugins\org.eclipse.m2e.maven.runtime_3.9.500.20231113-2345\jars\maven-builder-support-3.9.5.jar
2026-07-06 12:56:00,258 [Worker-23: Launching mavenrun-edc5eb61-2e77-485b-8669-130d9d8b60c7] INFO  o.eclipse.m2e.core.internal.Bundles - 	Entry: C:\eclipse-jee-2023-12-R-win32-x86_64\eclipse\plugins\org.eclipse.m2e.maven.runtime_3.9.500.20231113-2345\jars\maven-compat-3.9.5.jar
2026-07-06 12:56:00,258 [Worker-23: Launching mavenrun-edc5eb61-2e77-485b-8669-130d9d8b60c7] INFO  o.eclipse.m2e.core.internal.Bundles - 	Entry: C:\eclipse-jee-2023-12-R-win32-x86_64\eclipse\plugins\org.eclipse.m2e.maven.runtime_3.9.500.20231113-2345\jars\maven-core-3.9.5.jar
2026-07-06 12:56:00,258 [Worker-23: Launching mavenrun-edc5eb61-2e77-485b-8669-130d9d8b60c7] INFO  o.eclipse.m2e.core.internal.Bundles - 	Entry: C:\eclipse-jee-2023-12-R-win32-x86_64\eclipse\plugins\org.eclipse.m2e.maven.runtime_3.9.500.20231113-2345\jars\maven-embedder-3.9.5.jar
2026-07-06 12:56:00,259 [Worker-23: Launching mavenrun-edc5eb61-2e77-485b-8669-130d9d8b60c7] INFO  o.eclipse.m2e.core.internal.Bundles - 	Entry: C:\eclipse-jee-2023-12-R-win32-x86_64\eclipse\plugins\org.eclipse.m2e.maven.runtime_3.9.500.20231113-2345\jars\maven-model-3.9.5.jar
2026-07-06 12:56:00,259 [Worker-23: Launching mavenrun-edc5eb61-2e77-485b-8669-130d9d8b60c7] INFO  o.eclipse.m2e.core.internal.Bundles - 	Entry: C:\eclipse-jee-2023-12-R-win32-x86_64\eclipse\plugins\org.eclipse.m2e.maven.runtime_3.9.500.20231113-2345\jars\maven-model-builder-3.9.5.jar
2026-07-06 12:56:00,259 [Worker-23: Launching mavenrun-edc5eb61-2e77-485b-8669-130d9d8b60c7] INFO  o.eclipse.m2e.core.internal.Bundles - 	Entry: C:\eclipse-jee-2023-12-R-win32-x86_64\eclipse\plugins\org.eclipse.m2e.maven.runtime_3.9.500.20231113-2345\jars\maven-plugin-api-3.9.5.jar
2026-07-06 12:56:00,259 [Worker-23: Launching mavenrun-edc5eb61-2e77-485b-8669-130d9d8b60c7] INFO  o.eclipse.m2e.core.internal.Bundles - 	Entry: C:\eclipse-jee-2023-12-R-win32-x86_64\eclipse\plugins\org.eclipse.m2e.maven.runtime_3.9.500.20231113-2345\jars\maven-repository-metadata-3.9.5.jar
2026-07-06 12:56:00,260 [Worker-23: Launching mavenrun-edc5eb61-2e77-485b-8669-130d9d8b60c7] INFO  o.eclipse.m2e.core.internal.Bundles - 	Entry: C:\eclipse-jee-2023-12-R-win32-x86_64\eclipse\plugins\org.eclipse.m2e.maven.runtime_3.9.500.20231113-2345\jars\maven-resolver-api-1.9.16.jar
2026-07-06 12:56:00,260 [Worker-23: Launching mavenrun-edc5eb61-2e77-485b-8669-130d9d8b60c7] INFO  o.eclipse.m2e.core.internal.Bundles - 	Entry: C:\eclipse-jee-2023-12-R-win32-x86_64\eclipse\plugins\org.eclipse.m2e.maven.runtime_3.9.500.20231113-2345\jars\maven-resolver-connector-basic-1.9.16.jar
2026-07-06 12:56:00,260 [Worker-23: Launching mavenrun-edc5eb61-2e77-485b-8669-130d9d8b60c7] INFO  o.eclipse.m2e.core.internal.Bundles - 	Entry: C:\eclipse-jee-2023-12-R-win32-x86_64\eclipse\plugins\org.eclipse.m2e.maven.runtime_3.9.500.20231113-2345\jars\maven-resolver-impl-1.9.16.jar
2026-07-06 12:56:00,261 [Worker-23: Launching mavenrun-edc5eb61-2e77-485b-8669-130d9d8b60c7] INFO  o.eclipse.m2e.core.internal.Bundles - 	Entry: C:\eclipse-jee-2023-12-R-win32-x86_64\eclipse\plugins\org.eclipse.m2e.maven.runtime_3.9.500.20231113-2345\jars\maven-resolver-named-locks-1.9.16.jar
2026-07-06 12:56:00,261 [Worker-23: Launching mavenrun-edc5eb61-2e77-485b-8669-130d9d8b60c7] INFO  o.eclipse.m2e.core.internal.Bundles - 	Entry: C:\eclipse-jee-2023-12-R-win32-x86_64\eclipse\plugins\org.eclipse.m2e.maven.runtime_3.9.500.20231113-2345\jars\maven-resolver-provider-3.9.5.jar
2026-07-06 12:56:00,261 [Worker-23: Launching mavenrun-edc5eb61-2e77-485b-8669-130d9d8b60c7] INFO  o.eclipse.m2e.core.internal.Bundles - 	Entry: C:\eclipse-jee-2023-12-R-win32-x86_64\eclipse\plugins\org.eclipse.m2e.maven.runtime_3.9.500.20231113-2345\jars\maven-resolver-spi-1.9.16.jar
2026-07-06 12:56:00,262 [Worker-23: Launching mavenrun-edc5eb61-2e77-485b-8669-130d9d8b60c7] INFO  o.eclipse.m2e.core.internal.Bundles - 	Entry: C:\eclipse-jee-2023-12-R-win32-x86_64\eclipse\plugins\org.eclipse.m2e.maven.runtime_3.9.500.20231113-2345\jars\maven-resolver-transport-file-1.9.16.jar
2026-07-06 12:56:00,262 [Worker-23: Launching mavenrun-edc5eb61-2e77-485b-8669-130d9d8b60c7] INFO  o.eclipse.m2e.core.internal.Bundles - 	Entry: C:\eclipse-jee-2023-12-R-win32-x86_64\eclipse\plugins\org.eclipse.m2e.maven.runtime_3.9.500.20231113-2345\jars\maven-resolver-transport-http-1.9.16.jar
2026-07-06 12:56:00,262 [Worker-23: Launching mavenrun-edc5eb61-2e77-485b-8669-130d9d8b60c7] INFO  o.eclipse.m2e.core.internal.Bundles - 	Entry: C:\eclipse-jee-2023-12-R-win32-x86_64\eclipse\plugins\org.eclipse.m2e.maven.runtime_3.9.500.20231113-2345\jars\maven-resolver-transport-wagon-1.9.16.jar
2026-07-06 12:56:00,262 [Worker-23: Launching mavenrun-edc5eb61-2e77-485b-8669-130d9d8b60c7] INFO  o.eclipse.m2e.core.internal.Bundles - 	Entry: C:\eclipse-jee-2023-12-R-win32-x86_64\eclipse\plugins\org.eclipse.m2e.maven.runtime_3.9.500.20231113-2345\jars\maven-resolver-util-1.9.16.jar
2026-07-06 12:56:00,263 [Worker-23: Launching mavenrun-edc5eb61-2e77-485b-8669-130d9d8b60c7] INFO  o.eclipse.m2e.core.internal.Bundles - 	Entry: C:\eclipse-jee-2023-12-R-win32-x86_64\eclipse\plugins\org.eclipse.m2e.maven.runtime_3.9.500.20231113-2345\jars\maven-settings-3.9.5.jar
2026-07-06 12:56:00,263 [Worker-23: Launching mavenrun-edc5eb61-2e77-485b-8669-130d9d8b60c7] INFO  o.eclipse.m2e.core.internal.Bundles - 	Entry: C:\eclipse-jee-2023-12-R-win32-x86_64\eclipse\plugins\org.eclipse.m2e.maven.runtime_3.9.500.20231113-2345\jars\maven-settings-builder-3.9.5.jar
2026-07-06 12:56:00,263 [Worker-23: Launching mavenrun-edc5eb61-2e77-485b-8669-130d9d8b60c7] INFO  o.eclipse.m2e.core.internal.Bundles - 	Entry: C:\eclipse-jee-2023-12-R-win32-x86_64\eclipse\plugins\org.eclipse.m2e.maven.runtime_3.9.500.20231113-2345\jars\maven-shared-utils-3.3.4.jar
2026-07-06 12:56:00,263 [Worker-23: Launching mavenrun-edc5eb61-2e77-485b-8669-130d9d8b60c7] INFO  o.eclipse.m2e.core.internal.Bundles - 	Entry: C:\eclipse-jee-2023-12-R-win32-x86_64\eclipse\plugins\org.eclipse.m2e.maven.runtime_3.9.500.20231113-2345\jars\org.eclipse.sisu.inject-0.3.5.jar
2026-07-06 12:56:00,264 [Worker-23: Launching mavenrun-edc5eb61-2e77-485b-8669-130d9d8b60c7] INFO  o.eclipse.m2e.core.internal.Bundles - 	Entry: C:\eclipse-jee-2023-12-R-win32-x86_64\eclipse\plugins\org.eclipse.m2e.maven.runtime_3.9.500.20231113-2345\jars\org.eclipse.sisu.plexus-0.3.5.jar
2026-07-06 12:56:00,264 [Worker-23: Launching mavenrun-edc5eb61-2e77-485b-8669-130d9d8b60c7] INFO  o.eclipse.m2e.core.internal.Bundles - 	Entry: C:\eclipse-jee-2023-12-R-win32-x86_64\eclipse\plugins\org.eclipse.m2e.maven.runtime_3.9.500.20231113-2345\jars\plexus-build-api-0.0.7.jar
2026-07-06 12:56:00,264 [Worker-23: Launching mavenrun-edc5eb61-2e77-485b-8669-130d9d8b60c7] INFO  o.eclipse.m2e.core.internal.Bundles - 	Entry: C:\eclipse-jee-2023-12-R-win32-x86_64\eclipse\plugins\org.eclipse.m2e.maven.runtime_3.9.500.20231113-2345\jars\plexus-cipher-2.0.jar
2026-07-06 12:56:00,266 [Worker-23: Launching mavenrun-edc5eb61-2e77-485b-8669-130d9d8b60c7] INFO  o.eclipse.m2e.core.internal.Bundles - 	Entry: C:\eclipse-jee-2023-12-R-win32-x86_64\eclipse\plugins\org.eclipse.m2e.maven.runtime_3.9.500.20231113-2345\jars\plexus-classworlds-2.7.0.jar
2026-07-06 12:56:00,266 [Worker-23: Launching mavenrun-edc5eb61-2e77-485b-8669-130d9d8b60c7] INFO  o.eclipse.m2e.core.internal.Bundles - 	Entry: C:\eclipse-jee-2023-12-R-win32-x86_64\eclipse\plugins\org.eclipse.m2e.maven.runtime_3.9.500.20231113-2345\jars\plexus-component-annotations-2.1.0.jar
2026-07-06 12:56:00,266 [Worker-23: Launching mavenrun-edc5eb61-2e77-485b-8669-130d9d8b60c7] INFO  o.eclipse.m2e.core.internal.Bundles - 	Entry: C:\eclipse-jee-2023-12-R-win32-x86_64\eclipse\plugins\org.eclipse.m2e.maven.runtime_3.9.500.20231113-2345\jars\plexus-interpolation-1.26.jar
2026-07-06 12:56:00,267 [Worker-23: Launching mavenrun-edc5eb61-2e77-485b-8669-130d9d8b60c7] INFO  o.eclipse.m2e.core.internal.Bundles - 	Entry: C:\eclipse-jee-2023-12-R-win32-x86_64\eclipse\plugins\org.eclipse.m2e.maven.runtime_3.9.500.20231113-2345\jars\plexus-sec-dispatcher-2.0.jar
2026-07-06 12:56:00,267 [Worker-23: Launching mavenrun-edc5eb61-2e77-485b-8669-130d9d8b60c7] INFO  o.eclipse.m2e.core.internal.Bundles - 	Entry: C:\eclipse-jee-2023-12-R-win32-x86_64\eclipse\plugins\org.eclipse.m2e.maven.runtime_3.9.500.20231113-2345\jars\plexus-utils-3.5.1.jar
2026-07-06 12:56:00,267 [Worker-23: Launching mavenrun-edc5eb61-2e77-485b-8669-130d9d8b60c7] INFO  o.eclipse.m2e.core.internal.Bundles - 	Entry: C:\eclipse-jee-2023-12-R-win32-x86_64\eclipse\plugins\org.eclipse.m2e.maven.runtime_3.9.500.20231113-2345\jars\wagon-file-3.5.3.jar
2026-07-06 12:56:00,267 [Worker-23: Launching mavenrun-edc5eb61-2e77-485b-8669-130d9d8b60c7] INFO  o.eclipse.m2e.core.internal.Bundles - 	Entry: C:\eclipse-jee-2023-12-R-win32-x86_64\eclipse\plugins\org.eclipse.m2e.maven.runtime_3.9.500.20231113-2345\jars\wagon-http-3.5.3.jar
2026-07-06 12:56:00,267 [Worker-23: Launching mavenrun-edc5eb61-2e77-485b-8669-130d9d8b60c7] INFO  o.eclipse.m2e.core.internal.Bundles - 	Entry: C:\eclipse-jee-2023-12-R-win32-x86_64\eclipse\plugins\org.eclipse.m2e.maven.runtime_3.9.500.20231113-2345\jars\wagon-http-shared-3.5.3.jar
2026-07-06 12:56:00,268 [Worker-23: Launching mavenrun-edc5eb61-2e77-485b-8669-130d9d8b60c7] INFO  o.eclipse.m2e.core.internal.Bundles - 	Entry: C:\eclipse-jee-2023-12-R-win32-x86_64\eclipse\plugins\org.eclipse.m2e.maven.runtime_3.9.500.20231113-2345\jars\wagon-provider-api-3.5.3.jar
2026-07-06 12:56:00,271 [Worker-23: Launching mavenrun-edc5eb61-2e77-485b-8669-130d9d8b60c7] INFO  o.eclipse.m2e.core.internal.Bundles - getClasspathEntries(Bundle=com.google.guava_32.1.3.jre [12])
2026-07-06 12:56:00,272 [Worker-23: Launching mavenrun-edc5eb61-2e77-485b-8669-130d9d8b60c7] INFO  o.eclipse.m2e.core.internal.Bundles - 	Entry: C:\eclipse-jee-2023-12-R-win32-x86_64\eclipse\plugins\com.google.guava_32.1.3.jre.jar
2026-07-06 12:56:00,273 [Worker-23: Launching mavenrun-edc5eb61-2e77-485b-8669-130d9d8b60c7] INFO  o.eclipse.m2e.core.internal.Bundles - getClasspathEntries(Bundle=slf4j.api_2.0.9 [989])
2026-07-06 12:56:00,273 [Worker-23: Launching mavenrun-edc5eb61-2e77-485b-8669-130d9d8b60c7] INFO  o.eclipse.m2e.core.internal.Bundles - 	Entry: C:\eclipse-jee-2023-12-R-win32-x86_64\eclipse\plugins\slf4j.api_2.0.9.jar
2026-07-06 12:56:00,273 [Worker-23: Launching mavenrun-edc5eb61-2e77-485b-8669-130d9d8b60c7] INFO  o.eclipse.m2e.core.internal.Bundles - getClasspathEntries(Bundle=jakarta.inject.jakarta.inject-api_1.0.5 [29])
2026-07-06 12:56:00,274 [Worker-23: Launching mavenrun-edc5eb61-2e77-485b-8669-130d9d8b60c7] INFO  o.eclipse.m2e.core.internal.Bundles - 	Entry: C:\eclipse-jee-2023-12-R-win32-x86_64\eclipse\plugins\jakarta.inject.jakarta.inject-api_1.0.5.jar
2026-07-06 12:56:00,274 [Worker-23: Launching mavenrun-edc5eb61-2e77-485b-8669-130d9d8b60c7] INFO  o.eclipse.m2e.core.internal.Bundles - getClasspathEntries(Bundle=jakarta.annotation-api_1.3.5 [24])
2026-07-06 12:56:00,275 [Worker-23: Launching mavenrun-edc5eb61-2e77-485b-8669-130d9d8b60c7] INFO  o.eclipse.m2e.core.internal.Bundles - 	Entry: C:\eclipse-jee-2023-12-R-win32-x86_64\eclipse\plugins\jakarta.annotation-api_1.3.5.jar
2026-07-06 12:56:00,275 [Worker-23: Launching mavenrun-edc5eb61-2e77-485b-8669-130d9d8b60c7] INFO  o.eclipse.m2e.core.internal.Bundles - getClasspathEntries(Bundle=org.apache.commons.cli_1.6.0 [71])
2026-07-06 12:56:00,275 [Worker-23: Launching mavenrun-edc5eb61-2e77-485b-8669-130d9d8b60c7] INFO  o.eclipse.m2e.core.internal.Bundles - 	Entry: C:\eclipse-jee-2023-12-R-win32-x86_64\eclipse\plugins\org.apache.commons.cli_1.6.0.jar
2026-07-06 12:56:00,275 [Worker-23: Launching mavenrun-edc5eb61-2e77-485b-8669-130d9d8b60c7] INFO  o.eclipse.m2e.core.internal.Bundles - getClasspathEntries(Bundle=org.apache.commons.commons-codec_1.16.0 [75])
2026-07-06 12:56:00,276 [Worker-23: Launching mavenrun-edc5eb61-2e77-485b-8669-130d9d8b60c7] INFO  o.eclipse.m2e.core.internal.Bundles - 	Entry: C:\eclipse-jee-2023-12-R-win32-x86_64\eclipse\plugins\org.apache.commons.commons-codec_1.16.0.jar
2026-07-06 12:56:00,276 [Worker-23: Launching mavenrun-edc5eb61-2e77-485b-8669-130d9d8b60c7] INFO  o.eclipse.m2e.core.internal.Bundles - getClasspathEntries(Bundle=org.apache.commons.lang3_3.13.0 [82])
2026-07-06 12:56:00,277 [Worker-23: Launching mavenrun-edc5eb61-2e77-485b-8669-130d9d8b60c7] INFO  o.eclipse.m2e.core.internal.Bundles - 	Entry: C:\eclipse-jee-2023-12-R-win32-x86_64\eclipse\plugins\org.apache.commons.lang3_3.13.0.jar
2026-07-06 12:56:00,277 [Worker-23: Launching mavenrun-edc5eb61-2e77-485b-8669-130d9d8b60c7] INFO  o.eclipse.m2e.core.internal.Bundles - getClasspathEntries(Bundle=com.google.guava.failureaccess_1.0.2 [13])
2026-07-06 12:56:00,277 [Worker-23: Launching mavenrun-edc5eb61-2e77-485b-8669-130d9d8b60c7] INFO  o.eclipse.m2e.core.internal.Bundles - 	Entry: C:\eclipse-jee-2023-12-R-win32-x86_64\eclipse\plugins\com.google.guava.failureaccess_1.0.2.jar
2026-07-06 12:56:00,287 [Worker-23: Launching mavenrun-edc5eb61-2e77-485b-8669-130d9d8b60c7] INFO  o.e.m.i.launch.MavenLaunchDelegate - Run build in "C:\Users\boras\AppData\Local\Temp\m2e-archetypeGenerator15910096395574254522":
2026-07-06 12:56:00,292 [Worker-23: Launching mavenrun-edc5eb61-2e77-485b-8669-130d9d8b60c7] INFO  o.e.m.i.launch.MavenLaunchDelegate -  mvn  -DarchetypeGroupId=org.apache.maven.archetypes -DarchetypeArtifactId=maven-archetype-quickstart -DarchetypeVersion=1.4 -DgroupId=Mapdemo -DartifactId=demo -Dversion=0.0.1-SNAPSHOT -Dpackage=Mapdemo.demo -DoutputDirectory=D:\WorkSpace -Dstyle.color=always -U archetype:generate
2026-07-06 12:56:42,727 [Worker-16: Creating maven-archetype-quickstart] INFO  o.e.m.c.i.p.ProjectConfigurationManager - Collecting project info '/pom.xml' D:\WorkSpace\demo\pom.xml
2026-07-06 12:56:47,348 [Worker-16: Creating maven-archetype-quickstart] INFO  o.e.m.c.i.l.LifecycleMappingFactory - Using org.eclipse.m2e.jdt.JarLifecycleMapping lifecycle mapping for MavenProject: Mapdemo:demo:0.0.1-SNAPSHOT @ D:\WorkSpace\demo\pom.xml.
2026-07-06 12:56:49,545 [Worker-16: Creating maven-archetype-quickstart] INFO  o.e.m.j.i.AbstractJavaProjectConfigurator - Adding source folder /demo/src/main/java
2026-07-06 12:56:49,545 [Worker-16: Creating maven-archetype-quickstart] INFO  o.e.m.j.i.AbstractJavaProjectConfigurator - Adding resource folder /demo/src/main/resources
2026-07-06 12:56:49,556 [Worker-16: Creating maven-archetype-quickstart] INFO  o.e.m.j.i.AbstractJavaProjectConfigurator - Adding source folder /demo/src/test/java
2026-07-06 12:56:49,556 [Worker-16: Creating maven-archetype-quickstart] INFO  o.e.m.j.i.AbstractJavaProjectConfigurator - Adding resource folder /demo/src/test/resources
2026-07-06 12:56:49,994 [Worker-16: Creating maven-archetype-quickstart] INFO  o.e.m.c.i.p.ProjectConfigurationManager - Imported and configured 1 project(s) in 7 sec
2026-07-06 12:56:51,013 [Worker-14: Building] INFO  o.e.m.c.i.embedder.EclipseLogger - Using 'UTF-8' encoding to copy filtered resources.
2026-07-06 12:56:51,014 [Worker-14: Building] INFO  o.e.m.c.i.embedder.EclipseLogger - skip non existing resourceDirectory D:\WorkSpace\demo\src\main\resources
2026-07-06 12:56:51,020 [Worker-14: Building] INFO  o.e.m.c.i.embedder.EclipseLogger - Using 'UTF-8' encoding to copy filtered resources.
2026-07-06 12:56:51,020 [Worker-14: Building] INFO  o.e.m.c.i.embedder.EclipseLogger - skip non existing resourceDirectory D:\WorkSpace\demo\src\test\resources
2026-07-06 13:08:19,176 [Worker-32: Building] INFO  o.e.m.c.i.embedder.EclipseLogger - Using 'UTF-8' encoding to copy filtered resources.
2026-07-06 13:08:19,176 [Worker-32: Building] INFO  o.e.m.c.i.embedder.EclipseLogger - skip non existing resourceDirectory D:\WorkSpace\demo\src\main\resources
2026-07-06 13:08:19,178 [Worker-32: Building] INFO  o.e.m.c.i.embedder.EclipseLogger - Using 'UTF-8' encoding to copy filtered resources.
2026-07-06 13:08:19,178 [Worker-32: Building] INFO  o.e.m.c.i.embedder.EclipseLogger - skip non existing resourceDirectory D:\WorkSpace\demo\src\test\resources
2026-07-06 13:11:21,188 [Worker-32: Building] INFO  o.e.m.c.i.embedder.EclipseLogger - Using 'UTF-8' encoding to copy filtered resources.
2026-07-06 13:11:21,188 [Worker-32: Building] INFO  o.e.m.c.i.embedder.EclipseLogger - skip non existing resourceDirectory D:\WorkSpace\demo\src\main\resources
2026-07-06 13:11:21,190 [Worker-32: Building] INFO  o.e.m.c.i.embedder.EclipseLogger - Using 'UTF-8' encoding to copy filtered resources.
2026-07-06 13:11:21,190 [Worker-32: Building] INFO  o.e.m.c.i.embedder.EclipseLogger - skip non existing resourceDirectory D:\WorkSpace\demo\src\test\resources
2026-07-06 13:11:36,821 [Worker-32: Building] INFO  o.e.m.c.i.embedder.EclipseLogger - Using 'UTF-8' encoding to copy filtered resources.
2026-07-06 13:11:36,822 [Worker-32: Building] INFO  o.e.m.c.i.embedder.EclipseLogger - skip non existing resourceDirectory D:\WorkSpace\demo\src\main\resources
2026-07-06 13:11:36,825 [Worker-32: Building] INFO  o.e.m.c.i.embedder.EclipseLogger - Using 'UTF-8' encoding to copy filtered resources.
2026-07-06 13:11:36,825 [Worker-32: Building] INFO  o.e.m.c.i.embedder.EclipseLogger - skip non existing resourceDirectory D:\WorkSpace\demo\src\test\resources
2026-07-06 13:17:24,542 [Worker-37: Building] INFO  o.e.m.c.i.embedder.EclipseLogger - Using 'UTF-8' encoding to copy filtered resources.
2026-07-06 13:17:24,542 [Worker-37: Building] INFO  o.e.m.c.i.embedder.EclipseLogger - skip non existing resourceDirectory D:\WorkSpace\demo\src\main\resources
2026-07-06 13:17:24,544 [Worker-37: Building] INFO  o.e.m.c.i.embedder.EclipseLogger - Using 'UTF-8' encoding to copy filtered resources.
2026-07-06 13:17:24,545 [Worker-37: Building] INFO  o.e.m.c.i.embedder.EclipseLogger - skip non existing resourceDirectory D:\WorkSpace\demo\src\test\resources
2026-07-06 13:17:36,689 [Worker-38: Building] INFO  o.e.m.c.i.embedder.EclipseLogger - Using 'UTF-8' encoding to copy filtered resources.
2026-07-06 13:17:36,689 [Worker-38: Building] INFO  o.e.m.c.i.embedder.EclipseLogger - skip non existing resourceDirectory D:\WorkSpace\demo\src\main\resources
2026-07-06 13:17:36,691 [Worker-38: Building] INFO  o.e.m.c.i.embedder.EclipseLogger - Using 'UTF-8' encoding to copy filtered resources.
2026-07-06 13:17:36,691 [Worker-38: Building] INFO  o.e.m.c.i.embedder.EclipseLogger - skip non existing resourceDirectory D:\WorkSpace\demo\src\test\resources
2026-07-06 13:22:21,096 [Worker-41: Building] INFO  o.e.m.c.i.embedder.EclipseLogger - Using 'UTF-8' encoding to copy filtered resources.
2026-07-06 13:22:21,097 [Worker-41: Building] INFO  o.e.m.c.i.embedder.EclipseLogger - skip non existing resourceDirectory D:\WorkSpace\demo\src\main\resources
2026-07-06 13:22:21,099 [Worker-41: Building] INFO  o.e.m.c.i.embedder.EclipseLogger - Using 'UTF-8' encoding to copy filtered resources.
2026-07-06 13:22:21,099 [Worker-41: Building] INFO  o.e.m.c.i.embedder.EclipseLogger - skip non existing resourceDirectory D:\WorkSpace\demo\src\test\resources
2026-07-06 13:36:43,168 [Worker-44: Launching mavenrun-60dfafc4-5052-49c4-9cbd-b66e8ddfb77a] INFO  o.eclipse.m2e.core.internal.Bundles - getClasspathEntries(Bundle=org.eclipse.m2e.maven.runtime_3.9.500.20231113-2345 [629])
2026-07-06 13:36:43,176 [Worker-44: Launching mavenrun-60dfafc4-5052-49c4-9cbd-b66e8ddfb77a] INFO  o.eclipse.m2e.core.internal.Bundles - 	Entry: C:\eclipse-jee-2023-12-R-win32-x86_64\eclipse\plugins\org.eclipse.m2e.maven.runtime_3.9.500.20231113-2345
2026-07-06 13:36:43,177 [Worker-44: Launching mavenrun-60dfafc4-5052-49c4-9cbd-b66e8ddfb77a] INFO  o.eclipse.m2e.core.internal.Bundles - 	Entry: C:\eclipse-jee-2023-12-R-win32-x86_64\eclipse\plugins\org.eclipse.m2e.maven.runtime_3.9.500.20231113-2345\jars\aopalliance-1.0.jar
2026-07-06 13:36:43,178 [Worker-44: Launching mavenrun-60dfafc4-5052-49c4-9cbd-b66e8ddfb77a] INFO  o.eclipse.m2e.core.internal.Bundles - 	Entry: C:\eclipse-jee-2023-12-R-win32-x86_64\eclipse\plugins\org.eclipse.m2e.maven.runtime_3.9.500.20231113-2345\jars\guice-5.1.0.jar
2026-07-06 13:36:43,178 [Worker-44: Launching mavenrun-60dfafc4-5052-49c4-9cbd-b66e8ddfb77a] INFO  o.eclipse.m2e.core.internal.Bundles - 	Entry: C:\eclipse-jee-2023-12-R-win32-x86_64\eclipse\plugins\org.eclipse.m2e.maven.runtime_3.9.500.20231113-2345\jars\httpclient-4.5.14.jar
2026-07-06 13:36:43,178 [Worker-44: Launching mavenrun-60dfafc4-5052-49c4-9cbd-b66e8ddfb77a] INFO  o.eclipse.m2e.core.internal.Bundles - 	Entry: C:\eclipse-jee-2023-12-R-win32-x86_64\eclipse\plugins\org.eclipse.m2e.maven.runtime_3.9.500.20231113-2345\jars\httpcore-4.4.16.jar
2026-07-06 13:36:43,179 [Worker-44: Launching mavenrun-60dfafc4-5052-49c4-9cbd-b66e8ddfb77a] INFO  o.eclipse.m2e.core.internal.Bundles - 	Entry: C:\eclipse-jee-2023-12-R-win32-x86_64\eclipse\plugins\org.eclipse.m2e.maven.runtime_3.9.500.20231113-2345\jars\jansi-2.4.0.jar
2026-07-06 13:36:43,179 [Worker-44: Launching mavenrun-60dfafc4-5052-49c4-9cbd-b66e8ddfb77a] INFO  o.eclipse.m2e.core.internal.Bundles - 	Entry: C:\eclipse-jee-2023-12-R-win32-x86_64\eclipse\plugins\org.eclipse.m2e.maven.runtime_3.9.500.20231113-2345\jars\jcl-over-slf4j-1.7.36.jar
2026-07-06 13:36:43,180 [Worker-44: Launching mavenrun-60dfafc4-5052-49c4-9cbd-b66e8ddfb77a] INFO  o.eclipse.m2e.core.internal.Bundles - 	Entry: C:\eclipse-jee-2023-12-R-win32-x86_64\eclipse\plugins\org.eclipse.m2e.maven.runtime_3.9.500.20231113-2345\jars\maven-artifact-3.9.5.jar
2026-07-06 13:36:43,180 [Worker-44: Launching mavenrun-60dfafc4-5052-49c4-9cbd-b66e8ddfb77a] INFO  o.eclipse.m2e.core.internal.Bundles - 	Entry: C:\eclipse-jee-2023-12-R-win32-x86_64\eclipse\plugins\org.eclipse.m2e.maven.runtime_3.9.500.20231113-2345\jars\maven-builder-support-3.9.5.jar
2026-07-06 13:36:43,181 [Worker-44: Launching mavenrun-60dfafc4-5052-49c4-9cbd-b66e8ddfb77a] INFO  o.eclipse.m2e.core.internal.Bundles - 	Entry: C:\eclipse-jee-2023-12-R-win32-x86_64\eclipse\plugins\org.eclipse.m2e.maven.runtime_3.9.500.20231113-2345\jars\maven-compat-3.9.5.jar
2026-07-06 13:36:43,181 [Worker-44: Launching mavenrun-60dfafc4-5052-49c4-9cbd-b66e8ddfb77a] INFO  o.eclipse.m2e.core.internal.Bundles - 	Entry: C:\eclipse-jee-2023-12-R-win32-x86_64\eclipse\plugins\org.eclipse.m2e.maven.runtime_3.9.500.20231113-2345\jars\maven-core-3.9.5.jar
2026-07-06 13:36:43,181 [Worker-44: Launching mavenrun-60dfafc4-5052-49c4-9cbd-b66e8ddfb77a] INFO  o.eclipse.m2e.core.internal.Bundles - 	Entry: C:\eclipse-jee-2023-12-R-win32-x86_64\eclipse\plugins\org.eclipse.m2e.maven.runtime_3.9.500.20231113-2345\jars\maven-embedder-3.9.5.jar
2026-07-06 13:36:43,182 [Worker-44: Launching mavenrun-60dfafc4-5052-49c4-9cbd-b66e8ddfb77a] INFO  o.eclipse.m2e.core.internal.Bundles - 	Entry: C:\eclipse-jee-2023-12-R-win32-x86_64\eclipse\plugins\org.eclipse.m2e.maven.runtime_3.9.500.20231113-2345\jars\maven-model-3.9.5.jar
2026-07-06 13:36:43,182 [Worker-44: Launching mavenrun-60dfafc4-5052-49c4-9cbd-b66e8ddfb77a] INFO  o.eclipse.m2e.core.internal.Bundles - 	Entry: C:\eclipse-jee-2023-12-R-win32-x86_64\eclipse\plugins\org.eclipse.m2e.maven.runtime_3.9.500.20231113-2345\jars\maven-model-builder-3.9.5.jar
2026-07-06 13:36:43,183 [Worker-44: Launching mavenrun-60dfafc4-5052-49c4-9cbd-b66e8ddfb77a] INFO  o.eclipse.m2e.core.internal.Bundles - 	Entry: C:\eclipse-jee-2023-12-R-win32-x86_64\eclipse\plugins\org.eclipse.m2e.maven.runtime_3.9.500.20231113-2345\jars\maven-plugin-api-3.9.5.jar
2026-07-06 13:36:43,183 [Worker-44: Launching mavenrun-60dfafc4-5052-49c4-9cbd-b66e8ddfb77a] INFO  o.eclipse.m2e.core.internal.Bundles - 	Entry: C:\eclipse-jee-2023-12-R-win32-x86_64\eclipse\plugins\org.eclipse.m2e.maven.runtime_3.9.500.20231113-2345\jars\maven-repository-metadata-3.9.5.jar
2026-07-06 13:36:43,183 [Worker-44: Launching mavenrun-60dfafc4-5052-49c4-9cbd-b66e8ddfb77a] INFO  o.eclipse.m2e.core.internal.Bundles - 	Entry: C:\eclipse-jee-2023-12-R-win32-x86_64\eclipse\plugins\org.eclipse.m2e.maven.runtime_3.9.500.20231113-2345\jars\maven-resolver-api-1.9.16.jar
2026-07-06 13:36:43,184 [Worker-44: Launching mavenrun-60dfafc4-5052-49c4-9cbd-b66e8ddfb77a] INFO  o.eclipse.m2e.core.internal.Bundles - 	Entry: C:\eclipse-jee-2023-12-R-win32-x86_64\eclipse\plugins\org.eclipse.m2e.maven.runtime_3.9.500.20231113-2345\jars\maven-resolver-connector-basic-1.9.16.jar
2026-07-06 13:36:43,184 [Worker-44: Launching mavenrun-60dfafc4-5052-49c4-9cbd-b66e8ddfb77a] INFO  o.eclipse.m2e.core.internal.Bundles - 	Entry: C:\eclipse-jee-2023-12-R-win32-x86_64\eclipse\plugins\org.eclipse.m2e.maven.runtime_3.9.500.20231113-2345\jars\maven-resolver-impl-1.9.16.jar
2026-07-06 13:36:43,184 [Worker-44: Launching mavenrun-60dfafc4-5052-49c4-9cbd-b66e8ddfb77a] INFO  o.eclipse.m2e.core.internal.Bundles - 	Entry: C:\eclipse-jee-2023-12-R-win32-x86_64\eclipse\plugins\org.eclipse.m2e.maven.runtime_3.9.500.20231113-2345\jars\maven-resolver-named-locks-1.9.16.jar
2026-07-06 13:36:43,185 [Worker-44: Launching mavenrun-60dfafc4-5052-49c4-9cbd-b66e8ddfb77a] INFO  o.eclipse.m2e.core.internal.Bundles - 	Entry: C:\eclipse-jee-2023-12-R-win32-x86_64\eclipse\plugins\org.eclipse.m2e.maven.runtime_3.9.500.20231113-2345\jars\maven-resolver-provider-3.9.5.jar
2026-07-06 13:36:43,185 [Worker-44: Launching mavenrun-60dfafc4-5052-49c4-9cbd-b66e8ddfb77a] INFO  o.eclipse.m2e.core.internal.Bundles - 	Entry: C:\eclipse-jee-2023-12-R-win32-x86_64\eclipse\plugins\org.eclipse.m2e.maven.runtime_3.9.500.20231113-2345\jars\maven-resolver-spi-1.9.16.jar
2026-07-06 13:36:43,186 [Worker-44: Launching mavenrun-60dfafc4-5052-49c4-9cbd-b66e8ddfb77a] INFO  o.eclipse.m2e.core.internal.Bundles - 	Entry: C:\eclipse-jee-2023-12-R-win32-x86_64\eclipse\plugins\org.eclipse.m2e.maven.runtime_3.9.500.20231113-2345\jars\maven-resolver-transport-file-1.9.16.jar
2026-07-06 13:36:43,186 [Worker-44: Launching mavenrun-60dfafc4-5052-49c4-9cbd-b66e8ddfb77a] INFO  o.eclipse.m2e.core.internal.Bundles - 	Entry: C:\eclipse-jee-2023-12-R-win32-x86_64\eclipse\plugins\org.eclipse.m2e.maven.runtime_3.9.500.20231113-2345\jars\maven-resolver-transport-http-1.9.16.jar
2026-07-06 13:36:43,186 [Worker-44: Launching mavenrun-60dfafc4-5052-49c4-9cbd-b66e8ddfb77a] INFO  o.eclipse.m2e.core.internal.Bundles - 	Entry: C:\eclipse-jee-2023-12-R-win32-x86_64\eclipse\plugins\org.eclipse.m2e.maven.runtime_3.9.500.20231113-2345\jars\maven-resolver-transport-wagon-1.9.16.jar
2026-07-06 13:36:43,187 [Worker-44: Launching mavenrun-60dfafc4-5052-49c4-9cbd-b66e8ddfb77a] INFO  o.eclipse.m2e.core.internal.Bundles - 	Entry: C:\eclipse-jee-2023-12-R-win32-x86_64\eclipse\plugins\org.eclipse.m2e.maven.runtime_3.9.500.20231113-2345\jars\maven-resolver-util-1.9.16.jar
2026-07-06 13:36:43,187 [Worker-44: Launching mavenrun-60dfafc4-5052-49c4-9cbd-b66e8ddfb77a] INFO  o.eclipse.m2e.core.internal.Bundles - 	Entry: C:\eclipse-jee-2023-12-R-win32-x86_64\eclipse\plugins\org.eclipse.m2e.maven.runtime_3.9.500.20231113-2345\jars\maven-settings-3.9.5.jar
2026-07-06 13:36:43,188 [Worker-44: Launching mavenrun-60dfafc4-5052-49c4-9cbd-b66e8ddfb77a] INFO  o.eclipse.m2e.core.internal.Bundles - 	Entry: C:\eclipse-jee-2023-12-R-win32-x86_64\eclipse\plugins\org.eclipse.m2e.maven.runtime_3.9.500.20231113-2345\jars\maven-settings-builder-3.9.5.jar
2026-07-06 13:36:43,189 [Worker-44: Launching mavenrun-60dfafc4-5052-49c4-9cbd-b66e8ddfb77a] INFO  o.eclipse.m2e.core.internal.Bundles - 	Entry: C:\eclipse-jee-2023-12-R-win32-x86_64\eclipse\plugins\org.eclipse.m2e.maven.runtime_3.9.500.20231113-2345\jars\maven-shared-utils-3.3.4.jar
2026-07-06 13:36:43,189 [Worker-44: Launching mavenrun-60dfafc4-5052-49c4-9cbd-b66e8ddfb77a] INFO  o.eclipse.m2e.core.internal.Bundles - 	Entry: C:\eclipse-jee-2023-12-R-win32-x86_64\eclipse\plugins\org.eclipse.m2e.maven.runtime_3.9.500.20231113-2345\jars\org.eclipse.sisu.inject-0.3.5.jar
2026-07-06 13:36:43,189 [Worker-44: Launching mavenrun-60dfafc4-5052-49c4-9cbd-b66e8ddfb77a] INFO  o.eclipse.m2e.core.internal.Bundles - 	Entry: C:\eclipse-jee-2023-12-R-win32-x86_64\eclipse\plugins\org.eclipse.m2e.maven.runtime_3.9.500.20231113-2345\jars\org.eclipse.sisu.plexus-0.3.5.jar
2026-07-06 13:36:43,190 [Worker-44: Launching mavenrun-60dfafc4-5052-49c4-9cbd-b66e8ddfb77a] INFO  o.eclipse.m2e.core.internal.Bundles - 	Entry: C:\eclipse-jee-2023-12-R-win32-x86_64\eclipse\plugins\org.eclipse.m2e.maven.runtime_3.9.500.20231113-2345\jars\plexus-build-api-0.0.7.jar
2026-07-06 13:36:43,190 [Worker-44: Launching mavenrun-60dfafc4-5052-49c4-9cbd-b66e8ddfb77a] INFO  o.eclipse.m2e.core.internal.Bundles - 	Entry: C:\eclipse-jee-2023-12-R-win32-x86_64\eclipse\plugins\org.eclipse.m2e.maven.runtime_3.9.500.20231113-2345\jars\plexus-cipher-2.0.jar
2026-07-06 13:36:43,191 [Worker-44: Launching mavenrun-60dfafc4-5052-49c4-9cbd-b66e8ddfb77a] INFO  o.eclipse.m2e.core.internal.Bundles - 	Entry: C:\eclipse-jee-2023-12-R-win32-x86_64\eclipse\plugins\org.eclipse.m2e.maven.runtime_3.9.500.20231113-2345\jars\plexus-classworlds-2.7.0.jar
2026-07-06 13:36:43,191 [Worker-44: Launching mavenrun-60dfafc4-5052-49c4-9cbd-b66e8ddfb77a] INFO  o.eclipse.m2e.core.internal.Bundles - 	Entry: C:\eclipse-jee-2023-12-R-win32-x86_64\eclipse\plugins\org.eclipse.m2e.maven.runtime_3.9.500.20231113-2345\jars\plexus-component-annotations-2.1.0.jar
2026-07-06 13:36:43,192 [Worker-44: Launching mavenrun-60dfafc4-5052-49c4-9cbd-b66e8ddfb77a] INFO  o.eclipse.m2e.core.internal.Bundles - 	Entry: C:\eclipse-jee-2023-12-R-win32-x86_64\eclipse\plugins\org.eclipse.m2e.maven.runtime_3.9.500.20231113-2345\jars\plexus-interpolation-1.26.jar
2026-07-06 13:36:43,193 [Worker-44: Launching mavenrun-60dfafc4-5052-49c4-9cbd-b66e8ddfb77a] INFO  o.eclipse.m2e.core.internal.Bundles - 	Entry: C:\eclipse-jee-2023-12-R-win32-x86_64\eclipse\plugins\org.eclipse.m2e.maven.runtime_3.9.500.20231113-2345\jars\plexus-sec-dispatcher-2.0.jar
2026-07-06 13:36:43,194 [Worker-44: Launching mavenrun-60dfafc4-5052-49c4-9cbd-b66e8ddfb77a] INFO  o.eclipse.m2e.core.internal.Bundles - 	Entry: C:\eclipse-jee-2023-12-R-win32-x86_64\eclipse\plugins\org.eclipse.m2e.maven.runtime_3.9.500.20231113-2345\jars\plexus-utils-3.5.1.jar
2026-07-06 13:36:43,196 [Worker-44: Launching mavenrun-60dfafc4-5052-49c4-9cbd-b66e8ddfb77a] INFO  o.eclipse.m2e.core.internal.Bundles - 	Entry: C:\eclipse-jee-2023-12-R-win32-x86_64\eclipse\plugins\org.eclipse.m2e.maven.runtime_3.9.500.20231113-2345\jars\wagon-file-3.5.3.jar
2026-07-06 13:36:43,196 [Worker-44: Launching mavenrun-60dfafc4-5052-49c4-9cbd-b66e8ddfb77a] INFO  o.eclipse.m2e.core.internal.Bundles - 	Entry: C:\eclipse-jee-2023-12-R-win32-x86_64\eclipse\plugins\org.eclipse.m2e.maven.runtime_3.9.500.20231113-2345\jars\wagon-http-3.5.3.jar
2026-07-06 13:36:43,197 [Worker-44: Launching mavenrun-60dfafc4-5052-49c4-9cbd-b66e8ddfb77a] INFO  o.eclipse.m2e.core.internal.Bundles - 	Entry: C:\eclipse-jee-2023-12-R-win32-x86_64\eclipse\plugins\org.eclipse.m2e.maven.runtime_3.9.500.20231113-2345\jars\wagon-http-shared-3.5.3.jar
2026-07-06 13:36:43,197 [Worker-44: Launching mavenrun-60dfafc4-5052-49c4-9cbd-b66e8ddfb77a] INFO  o.eclipse.m2e.core.internal.Bundles - 	Entry: C:\eclipse-jee-2023-12-R-win32-x86_64\eclipse\plugins\org.eclipse.m2e.maven.runtime_3.9.500.20231113-2345\jars\wagon-provider-api-3.5.3.jar
2026-07-06 13:36:43,197 [Worker-44: Launching mavenrun-60dfafc4-5052-49c4-9cbd-b66e8ddfb77a] INFO  o.eclipse.m2e.core.internal.Bundles - getClasspathEntries(Bundle=com.google.guava_32.1.3.jre [12])
2026-07-06 13:36:43,199 [Worker-44: Launching mavenrun-60dfafc4-5052-49c4-9cbd-b66e8ddfb77a] INFO  o.eclipse.m2e.core.internal.Bundles - 	Entry: C:\eclipse-jee-2023-12-R-win32-x86_64\eclipse\plugins\com.google.guava_32.1.3.jre.jar
2026-07-06 13:36:43,199 [Worker-44: Launching mavenrun-60dfafc4-5052-49c4-9cbd-b66e8ddfb77a] INFO  o.eclipse.m2e.core.internal.Bundles - getClasspathEntries(Bundle=slf4j.api_2.0.9 [989])
2026-07-06 13:36:43,200 [Worker-44: Launching mavenrun-60dfafc4-5052-49c4-9cbd-b66e8ddfb77a] INFO  o.eclipse.m2e.core.internal.Bundles - 	Entry: C:\eclipse-jee-2023-12-R-win32-x86_64\eclipse\plugins\slf4j.api_2.0.9.jar
2026-07-06 13:36:43,200 [Worker-44: Launching mavenrun-60dfafc4-5052-49c4-9cbd-b66e8ddfb77a] INFO  o.eclipse.m2e.core.internal.Bundles - getClasspathEntries(Bundle=jakarta.inject.jakarta.inject-api_1.0.5 [29])
2026-07-06 13:36:43,201 [Worker-44: Launching mavenrun-60dfafc4-5052-49c4-9cbd-b66e8ddfb77a] INFO  o.eclipse.m2e.core.internal.Bundles - 	Entry: C:\eclipse-jee-2023-12-R-win32-x86_64\eclipse\plugins\jakarta.inject.jakarta.inject-api_1.0.5.jar
2026-07-06 13:36:43,201 [Worker-44: Launching mavenrun-60dfafc4-5052-49c4-9cbd-b66e8ddfb77a] INFO  o.eclipse.m2e.core.internal.Bundles - getClasspathEntries(Bundle=jakarta.annotation-api_1.3.5 [24])
2026-07-06 13:36:43,202 [Worker-44: Launching mavenrun-60dfafc4-5052-49c4-9cbd-b66e8ddfb77a] INFO  o.eclipse.m2e.core.internal.Bundles - 	Entry: C:\eclipse-jee-2023-12-R-win32-x86_64\eclipse\plugins\jakarta.annotation-api_1.3.5.jar
2026-07-06 13:36:43,202 [Worker-44: Launching mavenrun-60dfafc4-5052-49c4-9cbd-b66e8ddfb77a] INFO  o.eclipse.m2e.core.internal.Bundles - getClasspathEntries(Bundle=org.apache.commons.cli_1.6.0 [71])
2026-07-06 13:36:43,203 [Worker-44: Launching mavenrun-60dfafc4-5052-49c4-9cbd-b66e8ddfb77a] INFO  o.eclipse.m2e.core.internal.Bundles - 	Entry: C:\eclipse-jee-2023-12-R-win32-x86_64\eclipse\plugins\org.apache.commons.cli_1.6.0.jar
2026-07-06 13:36:43,203 [Worker-44: Launching mavenrun-60dfafc4-5052-49c4-9cbd-b66e8ddfb77a] INFO  o.eclipse.m2e.core.internal.Bundles - getClasspathEntries(Bundle=org.apache.commons.commons-codec_1.16.0 [75])
2026-07-06 13:36:43,203 [Worker-44: Launching mavenrun-60dfafc4-5052-49c4-9cbd-b66e8ddfb77a] INFO  o.eclipse.m2e.core.internal.Bundles - 	Entry: C:\eclipse-jee-2023-12-R-win32-x86_64\eclipse\plugins\org.apache.commons.commons-codec_1.16.0.jar
2026-07-06 13:36:43,203 [Worker-44: Launching mavenrun-60dfafc4-5052-49c4-9cbd-b66e8ddfb77a] INFO  o.eclipse.m2e.core.internal.Bundles - getClasspathEntries(Bundle=org.apache.commons.lang3_3.13.0 [82])
2026-07-06 13:36:43,204 [Worker-44: Launching mavenrun-60dfafc4-5052-49c4-9cbd-b66e8ddfb77a] INFO  o.eclipse.m2e.core.internal.Bundles - 	Entry: C:\eclipse-jee-2023-12-R-win32-x86_64\eclipse\plugins\org.apache.commons.lang3_3.13.0.jar
2026-07-06 13:36:43,204 [Worker-44: Launching mavenrun-60dfafc4-5052-49c4-9cbd-b66e8ddfb77a] INFO  o.eclipse.m2e.core.internal.Bundles - getClasspathEntries(Bundle=com.google.guava.failureaccess_1.0.2 [13])
2026-07-06 13:36:43,205 [Worker-44: Launching mavenrun-60dfafc4-5052-49c4-9cbd-b66e8ddfb77a] INFO  o.eclipse.m2e.core.internal.Bundles - 	Entry: C:\eclipse-jee-2023-12-R-win32-x86_64\eclipse\plugins\com.google.guava.failureaccess_1.0.2.jar
2026-07-06 13:36:43,208 [Worker-44: Launching mavenrun-60dfafc4-5052-49c4-9cbd-b66e8ddfb77a] INFO  o.e.m.i.launch.MavenLaunchDelegate - Run build in "C:\Users\boras\AppData\Local\Temp\m2e-archetypeGenerator12523346739235498245":
2026-07-06 13:36:43,209 [Worker-44: Launching mavenrun-60dfafc4-5052-49c4-9cbd-b66e8ddfb77a] INFO  o.e.m.i.launch.MavenLaunchDelegate -  mvn  -DarchetypeGroupId=org.apache.maven.archetypes -DarchetypeArtifactId=maven-archetype-quickstart -DarchetypeVersion=1.4 -DgroupId=Mapdemo -DartifactId=demo2 -Dversion=0.0.1-SNAPSHOT -Dpackage=Mapdemo.demo2 -DoutputDirectory=D:\WorkSpace -Dstyle.color=always -U archetype:generate
2026-07-06 13:37:01,614 [Worker-48: Creating maven-archetype-quickstart] INFO  o.e.m.c.i.p.ProjectConfigurationManager - Collecting project info '/pom.xml' D:\WorkSpace\demo2\pom.xml
2026-07-06 13:37:01,787 [Worker-48: Creating maven-archetype-quickstart] INFO  o.e.m.c.i.l.LifecycleMappingFactory - Using org.eclipse.m2e.jdt.JarLifecycleMapping lifecycle mapping for MavenProject: Mapdemo:demo2:0.0.1-SNAPSHOT @ D:\WorkSpace\demo2\pom.xml.
2026-07-06 13:37:01,887 [Worker-48: Creating maven-archetype-quickstart] INFO  o.e.m.j.i.AbstractJavaProjectConfigurator - Adding source folder /demo2/src/main/java
2026-07-06 13:37:01,888 [Worker-48: Creating maven-archetype-quickstart] INFO  o.e.m.j.i.AbstractJavaProjectConfigurator - Adding resource folder /demo2/src/main/resources
2026-07-06 13:37:01,891 [Worker-48: Creating maven-archetype-quickstart] INFO  o.e.m.j.i.AbstractJavaProjectConfigurator - Adding source folder /demo2/src/test/java
2026-07-06 13:37:01,891 [Worker-48: Creating maven-archetype-quickstart] INFO  o.e.m.j.i.AbstractJavaProjectConfigurator - Adding resource folder /demo2/src/test/resources
2026-07-06 13:37:01,951 [Worker-48: Creating maven-archetype-quickstart] INFO  o.e.m.c.i.p.ProjectConfigurationManager - Imported and configured 1 project(s) in 0 sec
2026-07-06 13:37:02,186 [Worker-44: Building] INFO  o.e.m.c.i.embedder.EclipseLogger - Using 'UTF-8' encoding to copy filtered resources.
2026-07-06 13:37:02,186 [Worker-44: Building] INFO  o.e.m.c.i.embedder.EclipseLogger - skip non existing resourceDirectory D:\WorkSpace\demo2\src\main\resources
2026-07-06 13:37:02,190 [Worker-44: Building] INFO  o.e.m.c.i.embedder.EclipseLogger - Using 'UTF-8' encoding to copy filtered resources.
2026-07-06 13:37:02,191 [Worker-44: Building] INFO  o.e.m.c.i.embedder.EclipseLogger - skip non existing resourceDirectory D:\WorkSpace\demo2\src\test\resources
2026-07-06 13:40:57,698 [Worker-53: Building] INFO  o.e.m.c.i.embedder.EclipseLogger - Using 'UTF-8' encoding to copy filtered resources.
2026-07-06 13:40:57,698 [Worker-53: Building] INFO  o.e.m.c.i.embedder.EclipseLogger - skip non existing resourceDirectory D:\WorkSpace\demo2\src\main\resources
2026-07-06 13:40:57,701 [Worker-53: Building] INFO  o.e.m.c.i.embedder.EclipseLogger - Using 'UTF-8' encoding to copy filtered resources.
2026-07-06 13:40:57,701 [Worker-53: Building] INFO  o.e.m.c.i.embedder.EclipseLogger - skip non existing resourceDirectory D:\WorkSpace\demo2\src\test\resources
2026-07-06 13:41:07,120 [Worker-55: Building] INFO  o.e.m.c.i.embedder.EclipseLogger - Using 'UTF-8' encoding to copy filtered resources.
2026-07-06 13:41:07,120 [Worker-55: Building] INFO  o.e.m.c.i.embedder.EclipseLogger - skip non existing resourceDirectory D:\WorkSpace\demo2\src\main\resources
2026-07-06 13:41:07,123 [Worker-55: Building] INFO  o.e.m.c.i.embedder.EclipseLogger - Using 'UTF-8' encoding to copy filtered resources.
2026-07-06 13:41:07,123 [Worker-55: Building] INFO  o.e.m.c.i.embedder.EclipseLogger - skip non existing resourceDirectory D:\WorkSpace\demo2\src\test\resources
2026-07-06 13:48:13,982 [Worker-55: Building] INFO  o.e.m.c.i.embedder.EclipseLogger - Using 'UTF-8' encoding to copy filtered resources.
2026-07-06 13:48:13,982 [Worker-55: Building] INFO  o.e.m.c.i.embedder.EclipseLogger - skip non existing resourceDirectory D:\WorkSpace\demo2\src\main\resources
2026-07-06 13:48:13,984 [Worker-55: Building] INFO  o.e.m.c.i.embedder.EclipseLogger - Using 'UTF-8' encoding to copy filtered resources.
2026-07-06 13:48:13,986 [Worker-55: Building] INFO  o.e.m.c.i.embedder.EclipseLogger - skip non existing resourceDirectory D:\WorkSpace\demo2\src\test\resources
2026-07-06 13:51:01,419 [Worker-57: Building] INFO  o.e.m.c.i.embedder.EclipseLogger - Using 'UTF-8' encoding to copy filtered resources.
2026-07-06 13:51:01,419 [Worker-57: Building] INFO  o.e.m.c.i.embedder.EclipseLogger - skip non existing resourceDirectory D:\WorkSpace\demo2\src\main\resources
2026-07-06 13:51:01,421 [Worker-57: Building] INFO  o.e.m.c.i.embedder.EclipseLogger - Using 'UTF-8' encoding to copy filtered resources.
2026-07-06 13:51:01,421 [Worker-57: Building] INFO  o.e.m.c.i.embedder.EclipseLogger - skip non existing resourceDirectory D:\WorkSpace\demo2\src\test\resources
2026-07-06 13:52:08,503 [Worker-59: Building] INFO  o.e.m.c.i.embedder.EclipseLogger - Using 'UTF-8' encoding to copy filtered resources.
2026-07-06 13:52:08,503 [Worker-59: Building] INFO  o.e.m.c.i.embedder.EclipseLogger - skip non existing resourceDirectory D:\WorkSpace\demo2\src\main\resources
2026-07-06 13:52:08,505 [Worker-59: Building] INFO  o.e.m.c.i.embedder.EclipseLogger - Using 'UTF-8' encoding to copy filtered resources.
2026-07-06 13:52:08,505 [Worker-59: Building] INFO  o.e.m.c.i.embedder.EclipseLogger - skip non existing resourceDirectory D:\WorkSpace\demo2\src\test\resources
2026-07-06 14:00:48,172 [Worker-59: Building] INFO  o.e.m.c.i.embedder.EclipseLogger - Using 'UTF-8' encoding to copy filtered resources.
2026-07-06 14:00:48,172 [Worker-59: Building] INFO  o.e.m.c.i.embedder.EclipseLogger - skip non existing resourceDirectory D:\WorkSpace\demo2\src\main\resources
2026-07-06 14:00:48,174 [Worker-59: Building] INFO  o.e.m.c.i.embedder.EclipseLogger - Using 'UTF-8' encoding to copy filtered resources.
2026-07-06 14:00:48,175 [Worker-59: Building] INFO  o.e.m.c.i.embedder.EclipseLogger - skip non existing resourceDirectory D:\WorkSpace\demo2\src\test\resources
2026-07-06 14:01:31,183 [Worker-60: Building] INFO  o.e.m.c.i.embedder.EclipseLogger - Using 'UTF-8' encoding to copy filtered resources.
2026-07-06 14:01:31,183 [Worker-60: Building] INFO  o.e.m.c.i.embedder.EclipseLogger - skip non existing resourceDirectory D:\WorkSpace\demo2\src\main\resources
2026-07-06 14:01:31,191 [Worker-60: Building] INFO  o.e.m.c.i.embedder.EclipseLogger - Using 'UTF-8' encoding to copy filtered resources.
2026-07-06 14:01:31,191 [Worker-60: Building] INFO  o.e.m.c.i.embedder.EclipseLogger - skip non existing resourceDirectory D:\WorkSpace\demo2\src\test\resources
2026-07-07 12:34:04,135 [Worker-6: Loading available Gradle versions] INFO  o.e.b.c.i.u.g.PublishedGradleVersions - Gradle version information cache is up-to-date. Trying to read.
2026-07-07 12:36:45,913 [Worker-3: Loading available Gradle versions] INFO  o.e.b.c.i.u.g.PublishedGradleVersions - Gradle version information cache is up-to-date. Trying to read.
2026-07-07 12:37:57,750 [ModalContext] INFO  o.e.m.c.i.e.AbstractTransferListenerAdapter - Downloading https://repo.maven.apache.org/maven2/org/apache/maven/archetypes/maven-archetype-quickstart/1.1/maven-archetype-quickstart-1.1.pom
2026-07-07 12:37:57,761 [ModalContext] INFO  o.e.m.c.i.e.AbstractTransferListenerAdapter - Downloaded https://repo.maven.apache.org/maven2/org/apache/maven/archetypes/maven-archetype-quickstart/1.1/maven-archetype-quickstart-1.1.pom
2026-07-07 12:37:57,845 [ModalContext] INFO  o.e.m.c.i.e.AbstractTransferListenerAdapter - Downloading https://repo.maven.apache.org/maven2/org/apache/maven/archetypes/maven-archetype-bundles/4/maven-archetype-bundles-4.pom
2026-07-07 12:37:57,851 [ModalContext] INFO  o.e.m.c.i.e.AbstractTransferListenerAdapter - Downloaded https://repo.maven.apache.org/maven2/org/apache/maven/archetypes/maven-archetype-bundles/4/maven-archetype-bundles-4.pom
2026-07-07 12:37:57,923 [ModalContext] INFO  o.e.m.c.i.e.AbstractTransferListenerAdapter - Downloading https://repo.maven.apache.org/maven2/org/apache/maven/archetype/maven-archetype/2.0-alpha-5/maven-archetype-2.0-alpha-5.pom
2026-07-07 12:37:57,929 [ModalContext] INFO  o.e.m.c.i.e.AbstractTransferListenerAdapter - Downloaded https://repo.maven.apache.org/maven2/org/apache/maven/archetype/maven-archetype/2.0-alpha-5/maven-archetype-2.0-alpha-5.pom
2026-07-07 12:37:58,015 [ModalContext] INFO  o.e.m.c.i.e.AbstractTransferListenerAdapter - Downloading https://repo.maven.apache.org/maven2/org/apache/maven/maven-parent/16/maven-parent-16.pom
2026-07-07 12:37:58,035 [ModalContext] INFO  o.e.m.c.i.e.AbstractTransferListenerAdapter - Downloaded https://repo.maven.apache.org/maven2/org/apache/maven/maven-parent/16/maven-parent-16.pom
2026-07-07 12:37:58,250 [ModalContext] INFO  o.e.m.c.i.e.AbstractTransferListenerAdapter - Downloading https://repo.maven.apache.org/maven2/org/apache/maven/archetypes/maven-archetype-quickstart/1.1/maven-archetype-quickstart-1.1.jar
2026-07-07 12:37:58,264 [ModalContext] INFO  o.e.m.c.i.e.AbstractTransferListenerAdapter - Downloaded https://repo.maven.apache.org/maven2/org/apache/maven/archetypes/maven-archetype-quickstart/1.1/maven-archetype-quickstart-1.1.jar
2026-07-07 12:38:57,339 [Worker-12: Launching mavenrun-9e8f739a-5299-4a48-bcb3-9c117ced8a24] INFO  o.eclipse.m2e.core.internal.Bundles - getClasspathEntries(Bundle=org.eclipse.m2e.maven.runtime_3.9.500.20231113-2345 [629])
2026-07-07 12:38:57,343 [Worker-12: Launching mavenrun-9e8f739a-5299-4a48-bcb3-9c117ced8a24] INFO  o.eclipse.m2e.core.internal.Bundles - 	Entry: C:\eclipse-jee-2023-12-R-win32-x86_64\eclipse\plugins\org.eclipse.m2e.maven.runtime_3.9.500.20231113-2345
2026-07-07 12:38:57,343 [Worker-12: Launching mavenrun-9e8f739a-5299-4a48-bcb3-9c117ced8a24] INFO  o.eclipse.m2e.core.internal.Bundles - 	Entry: C:\eclipse-jee-2023-12-R-win32-x86_64\eclipse\plugins\org.eclipse.m2e.maven.runtime_3.9.500.20231113-2345\jars\aopalliance-1.0.jar
2026-07-07 12:38:57,344 [Worker-12: Launching mavenrun-9e8f739a-5299-4a48-bcb3-9c117ced8a24] INFO  o.eclipse.m2e.core.internal.Bundles - 	Entry: C:\eclipse-jee-2023-12-R-win32-x86_64\eclipse\plugins\org.eclipse.m2e.maven.runtime_3.9.500.20231113-2345\jars\guice-5.1.0.jar
2026-07-07 12:38:57,344 [Worker-12: Launching mavenrun-9e8f739a-5299-4a48-bcb3-9c117ced8a24] INFO  o.eclipse.m2e.core.internal.Bundles - 	Entry: C:\eclipse-jee-2023-12-R-win32-x86_64\eclipse\plugins\org.eclipse.m2e.maven.runtime_3.9.500.20231113-2345\jars\httpclient-4.5.14.jar
2026-07-07 12:38:57,344 [Worker-12: Launching mavenrun-9e8f739a-5299-4a48-bcb3-9c117ced8a24] INFO  o.eclipse.m2e.core.internal.Bundles - 	Entry: C:\eclipse-jee-2023-12-R-win32-x86_64\eclipse\plugins\org.eclipse.m2e.maven.runtime_3.9.500.20231113-2345\jars\httpcore-4.4.16.jar
2026-07-07 12:38:57,344 [Worker-12: Launching mavenrun-9e8f739a-5299-4a48-bcb3-9c117ced8a24] INFO  o.eclipse.m2e.core.internal.Bundles - 	Entry: C:\eclipse-jee-2023-12-R-win32-x86_64\eclipse\plugins\org.eclipse.m2e.maven.runtime_3.9.500.20231113-2345\jars\jansi-2.4.0.jar
2026-07-07 12:38:57,345 [Worker-12: Launching mavenrun-9e8f739a-5299-4a48-bcb3-9c117ced8a24] INFO  o.eclipse.m2e.core.internal.Bundles - 	Entry: C:\eclipse-jee-2023-12-R-win32-x86_64\eclipse\plugins\org.eclipse.m2e.maven.runtime_3.9.500.20231113-2345\jars\jcl-over-slf4j-1.7.36.jar
2026-07-07 12:38:57,345 [Worker-12: Launching mavenrun-9e8f739a-5299-4a48-bcb3-9c117ced8a24] INFO  o.eclipse.m2e.core.internal.Bundles - 	Entry: C:\eclipse-jee-2023-12-R-win32-x86_64\eclipse\plugins\org.eclipse.m2e.maven.runtime_3.9.500.20231113-2345\jars\maven-artifact-3.9.5.jar
2026-07-07 12:38:57,345 [Worker-12: Launching mavenrun-9e8f739a-5299-4a48-bcb3-9c117ced8a24] INFO  o.eclipse.m2e.core.internal.Bundles - 	Entry: C:\eclipse-jee-2023-12-R-win32-x86_64\eclipse\plugins\org.eclipse.m2e.maven.runtime_3.9.500.20231113-2345\jars\maven-builder-support-3.9.5.jar
2026-07-07 12:38:57,346 [Worker-12: Launching mavenrun-9e8f739a-5299-4a48-bcb3-9c117ced8a24] INFO  o.eclipse.m2e.core.internal.Bundles - 	Entry: C:\eclipse-jee-2023-12-R-win32-x86_64\eclipse\plugins\org.eclipse.m2e.maven.runtime_3.9.500.20231113-2345\jars\maven-compat-3.9.5.jar
2026-07-07 12:38:57,346 [Worker-12: Launching mavenrun-9e8f739a-5299-4a48-bcb3-9c117ced8a24] INFO  o.eclipse.m2e.core.internal.Bundles - 	Entry: C:\eclipse-jee-2023-12-R-win32-x86_64\eclipse\plugins\org.eclipse.m2e.maven.runtime_3.9.500.20231113-2345\jars\maven-core-3.9.5.jar
2026-07-07 12:38:57,346 [Worker-12: Launching mavenrun-9e8f739a-5299-4a48-bcb3-9c117ced8a24] INFO  o.eclipse.m2e.core.internal.Bundles - 	Entry: C:\eclipse-jee-2023-12-R-win32-x86_64\eclipse\plugins\org.eclipse.m2e.maven.runtime_3.9.500.20231113-2345\jars\maven-embedder-3.9.5.jar
2026-07-07 12:38:57,347 [Worker-12: Launching mavenrun-9e8f739a-5299-4a48-bcb3-9c117ced8a24] INFO  o.eclipse.m2e.core.internal.Bundles - 	Entry: C:\eclipse-jee-2023-12-R-win32-x86_64\eclipse\plugins\org.eclipse.m2e.maven.runtime_3.9.500.20231113-2345\jars\maven-model-3.9.5.jar
2026-07-07 12:38:57,347 [Worker-12: Launching mavenrun-9e8f739a-5299-4a48-bcb3-9c117ced8a24] INFO  o.eclipse.m2e.core.internal.Bundles - 	Entry: C:\eclipse-jee-2023-12-R-win32-x86_64\eclipse\plugins\org.eclipse.m2e.maven.runtime_3.9.500.20231113-2345\jars\maven-model-builder-3.9.5.jar
2026-07-07 12:38:57,347 [Worker-12: Launching mavenrun-9e8f739a-5299-4a48-bcb3-9c117ced8a24] INFO  o.eclipse.m2e.core.internal.Bundles - 	Entry: C:\eclipse-jee-2023-12-R-win32-x86_64\eclipse\plugins\org.eclipse.m2e.maven.runtime_3.9.500.20231113-2345\jars\maven-plugin-api-3.9.5.jar
2026-07-07 12:38:57,347 [Worker-12: Launching mavenrun-9e8f739a-5299-4a48-bcb3-9c117ced8a24] INFO  o.eclipse.m2e.core.internal.Bundles - 	Entry: C:\eclipse-jee-2023-12-R-win32-x86_64\eclipse\plugins\org.eclipse.m2e.maven.runtime_3.9.500.20231113-2345\jars\maven-repository-metadata-3.9.5.jar
2026-07-07 12:38:57,348 [Worker-12: Launching mavenrun-9e8f739a-5299-4a48-bcb3-9c117ced8a24] INFO  o.eclipse.m2e.core.internal.Bundles - 	Entry: C:\eclipse-jee-2023-12-R-win32-x86_64\eclipse\plugins\org.eclipse.m2e.maven.runtime_3.9.500.20231113-2345\jars\maven-resolver-api-1.9.16.jar
2026-07-07 12:38:57,348 [Worker-12: Launching mavenrun-9e8f739a-5299-4a48-bcb3-9c117ced8a24] INFO  o.eclipse.m2e.core.internal.Bundles - 	Entry: C:\eclipse-jee-2023-12-R-win32-x86_64\eclipse\plugins\org.eclipse.m2e.maven.runtime_3.9.500.20231113-2345\jars\maven-resolver-connector-basic-1.9.16.jar
2026-07-07 12:38:57,348 [Worker-12: Launching mavenrun-9e8f739a-5299-4a48-bcb3-9c117ced8a24] INFO  o.eclipse.m2e.core.internal.Bundles - 	Entry: C:\eclipse-jee-2023-12-R-win32-x86_64\eclipse\plugins\org.eclipse.m2e.maven.runtime_3.9.500.20231113-2345\jars\maven-resolver-impl-1.9.16.jar
2026-07-07 12:38:57,348 [Worker-12: Launching mavenrun-9e8f739a-5299-4a48-bcb3-9c117ced8a24] INFO  o.eclipse.m2e.core.internal.Bundles - 	Entry: C:\eclipse-jee-2023-12-R-win32-x86_64\eclipse\plugins\org.eclipse.m2e.maven.runtime_3.9.500.20231113-2345\jars\maven-resolver-named-locks-1.9.16.jar
2026-07-07 12:38:57,348 [Worker-12: Launching mavenrun-9e8f739a-5299-4a48-bcb3-9c117ced8a24] INFO  o.eclipse.m2e.core.internal.Bundles - 	Entry: C:\eclipse-jee-2023-12-R-win32-x86_64\eclipse\plugins\org.eclipse.m2e.maven.runtime_3.9.500.20231113-2345\jars\maven-resolver-provider-3.9.5.jar
2026-07-07 12:38:57,349 [Worker-12: Launching mavenrun-9e8f739a-5299-4a48-bcb3-9c117ced8a24] INFO  o.eclipse.m2e.core.internal.Bundles - 	Entry: C:\eclipse-jee-2023-12-R-win32-x86_64\eclipse\plugins\org.eclipse.m2e.maven.runtime_3.9.500.20231113-2345\jars\maven-resolver-spi-1.9.16.jar
2026-07-07 12:38:57,349 [Worker-12: Launching mavenrun-9e8f739a-5299-4a48-bcb3-9c117ced8a24] INFO  o.eclipse.m2e.core.internal.Bundles - 	Entry: C:\eclipse-jee-2023-12-R-win32-x86_64\eclipse\plugins\org.eclipse.m2e.maven.runtime_3.9.500.20231113-2345\jars\maven-resolver-transport-file-1.9.16.jar
2026-07-07 12:38:57,349 [Worker-12: Launching mavenrun-9e8f739a-5299-4a48-bcb3-9c117ced8a24] INFO  o.eclipse.m2e.core.internal.Bundles - 	Entry: C:\eclipse-jee-2023-12-R-win32-x86_64\eclipse\plugins\org.eclipse.m2e.maven.runtime_3.9.500.20231113-2345\jars\maven-resolver-transport-http-1.9.16.jar
2026-07-07 12:38:57,349 [Worker-12: Launching mavenrun-9e8f739a-5299-4a48-bcb3-9c117ced8a24] INFO  o.eclipse.m2e.core.internal.Bundles - 	Entry: C:\eclipse-jee-2023-12-R-win32-x86_64\eclipse\plugins\org.eclipse.m2e.maven.runtime_3.9.500.20231113-2345\jars\maven-resolver-transport-wagon-1.9.16.jar
2026-07-07 12:38:57,350 [Worker-12: Launching mavenrun-9e8f739a-5299-4a48-bcb3-9c117ced8a24] INFO  o.eclipse.m2e.core.internal.Bundles - 	Entry: C:\eclipse-jee-2023-12-R-win32-x86_64\eclipse\plugins\org.eclipse.m2e.maven.runtime_3.9.500.20231113-2345\jars\maven-resolver-util-1.9.16.jar
2026-07-07 12:38:57,350 [Worker-12: Launching mavenrun-9e8f739a-5299-4a48-bcb3-9c117ced8a24] INFO  o.eclipse.m2e.core.internal.Bundles - 	Entry: C:\eclipse-jee-2023-12-R-win32-x86_64\eclipse\plugins\org.eclipse.m2e.maven.runtime_3.9.500.20231113-2345\jars\maven-settings-3.9.5.jar
2026-07-07 12:38:57,350 [Worker-12: Launching mavenrun-9e8f739a-5299-4a48-bcb3-9c117ced8a24] INFO  o.eclipse.m2e.core.internal.Bundles - 	Entry: C:\eclipse-jee-2023-12-R-win32-x86_64\eclipse\plugins\org.eclipse.m2e.maven.runtime_3.9.500.20231113-2345\jars\maven-settings-builder-3.9.5.jar
2026-07-07 12:38:57,351 [Worker-12: Launching mavenrun-9e8f739a-5299-4a48-bcb3-9c117ced8a24] INFO  o.eclipse.m2e.core.internal.Bundles - 	Entry: C:\eclipse-jee-2023-12-R-win32-x86_64\eclipse\plugins\org.eclipse.m2e.maven.runtime_3.9.500.20231113-2345\jars\maven-shared-utils-3.3.4.jar
2026-07-07 12:38:57,351 [Worker-12: Launching mavenrun-9e8f739a-5299-4a48-bcb3-9c117ced8a24] INFO  o.eclipse.m2e.core.internal.Bundles - 	Entry: C:\eclipse-jee-2023-12-R-win32-x86_64\eclipse\plugins\org.eclipse.m2e.maven.runtime_3.9.500.20231113-2345\jars\org.eclipse.sisu.inject-0.3.5.jar
2026-07-07 12:38:57,351 [Worker-12: Launching mavenrun-9e8f739a-5299-4a48-bcb3-9c117ced8a24] INFO  o.eclipse.m2e.core.internal.Bundles - 	Entry: C:\eclipse-jee-2023-12-R-win32-x86_64\eclipse\plugins\org.eclipse.m2e.maven.runtime_3.9.500.20231113-2345\jars\org.eclipse.sisu.plexus-0.3.5.jar
2026-07-07 12:38:57,351 [Worker-12: Launching mavenrun-9e8f739a-5299-4a48-bcb3-9c117ced8a24] INFO  o.eclipse.m2e.core.internal.Bundles - 	Entry: C:\eclipse-jee-2023-12-R-win32-x86_64\eclipse\plugins\org.eclipse.m2e.maven.runtime_3.9.500.20231113-2345\jars\plexus-build-api-0.0.7.jar
2026-07-07 12:38:57,352 [Worker-12: Launching mavenrun-9e8f739a-5299-4a48-bcb3-9c117ced8a24] INFO  o.eclipse.m2e.core.internal.Bundles - 	Entry: C:\eclipse-jee-2023-12-R-win32-x86_64\eclipse\plugins\org.eclipse.m2e.maven.runtime_3.9.500.20231113-2345\jars\plexus-cipher-2.0.jar
2026-07-07 12:38:57,352 [Worker-12: Launching mavenrun-9e8f739a-5299-4a48-bcb3-9c117ced8a24] INFO  o.eclipse.m2e.core.internal.Bundles - 	Entry: C:\eclipse-jee-2023-12-R-win32-x86_64\eclipse\plugins\org.eclipse.m2e.maven.runtime_3.9.500.20231113-2345\jars\plexus-classworlds-2.7.0.jar
2026-07-07 12:38:57,352 [Worker-12: Launching mavenrun-9e8f739a-5299-4a48-bcb3-9c117ced8a24] INFO  o.eclipse.m2e.core.internal.Bundles - 	Entry: C:\eclipse-jee-2023-12-R-win32-x86_64\eclipse\plugins\org.eclipse.m2e.maven.runtime_3.9.500.20231113-2345\jars\plexus-component-annotations-2.1.0.jar
2026-07-07 12:38:57,352 [Worker-12: Launching mavenrun-9e8f739a-5299-4a48-bcb3-9c117ced8a24] INFO  o.eclipse.m2e.core.internal.Bundles - 	Entry: C:\eclipse-jee-2023-12-R-win32-x86_64\eclipse\plugins\org.eclipse.m2e.maven.runtime_3.9.500.20231113-2345\jars\plexus-interpolation-1.26.jar
2026-07-07 12:38:57,353 [Worker-12: Launching mavenrun-9e8f739a-5299-4a48-bcb3-9c117ced8a24] INFO  o.eclipse.m2e.core.internal.Bundles - 	Entry: C:\eclipse-jee-2023-12-R-win32-x86_64\eclipse\plugins\org.eclipse.m2e.maven.runtime_3.9.500.20231113-2345\jars\plexus-sec-dispatcher-2.0.jar
2026-07-07 12:38:57,353 [Worker-12: Launching mavenrun-9e8f739a-5299-4a48-bcb3-9c117ced8a24] INFO  o.eclipse.m2e.core.internal.Bundles - 	Entry: C:\eclipse-jee-2023-12-R-win32-x86_64\eclipse\plugins\org.eclipse.m2e.maven.runtime_3.9.500.20231113-2345\jars\plexus-utils-3.5.1.jar
2026-07-07 12:38:57,353 [Worker-12: Launching mavenrun-9e8f739a-5299-4a48-bcb3-9c117ced8a24] INFO  o.eclipse.m2e.core.internal.Bundles - 	Entry: C:\eclipse-jee-2023-12-R-win32-x86_64\eclipse\plugins\org.eclipse.m2e.maven.runtime_3.9.500.20231113-2345\jars\wagon-file-3.5.3.jar
2026-07-07 12:38:57,353 [Worker-12: Launching mavenrun-9e8f739a-5299-4a48-bcb3-9c117ced8a24] INFO  o.eclipse.m2e.core.internal.Bundles - 	Entry: C:\eclipse-jee-2023-12-R-win32-x86_64\eclipse\plugins\org.eclipse.m2e.maven.runtime_3.9.500.20231113-2345\jars\wagon-http-3.5.3.jar
2026-07-07 12:38:57,354 [Worker-12: Launching mavenrun-9e8f739a-5299-4a48-bcb3-9c117ced8a24] INFO  o.eclipse.m2e.core.internal.Bundles - 	Entry: C:\eclipse-jee-2023-12-R-win32-x86_64\eclipse\plugins\org.eclipse.m2e.maven.runtime_3.9.500.20231113-2345\jars\wagon-http-shared-3.5.3.jar
2026-07-07 12:38:57,354 [Worker-12: Launching mavenrun-9e8f739a-5299-4a48-bcb3-9c117ced8a24] INFO  o.eclipse.m2e.core.internal.Bundles - 	Entry: C:\eclipse-jee-2023-12-R-win32-x86_64\eclipse\plugins\org.eclipse.m2e.maven.runtime_3.9.500.20231113-2345\jars\wagon-provider-api-3.5.3.jar
2026-07-07 12:38:57,357 [Worker-12: Launching mavenrun-9e8f739a-5299-4a48-bcb3-9c117ced8a24] INFO  o.eclipse.m2e.core.internal.Bundles - getClasspathEntries(Bundle=com.google.guava_32.1.3.jre [12])
2026-07-07 12:38:57,358 [Worker-12: Launching mavenrun-9e8f739a-5299-4a48-bcb3-9c117ced8a24] INFO  o.eclipse.m2e.core.internal.Bundles - 	Entry: C:\eclipse-jee-2023-12-R-win32-x86_64\eclipse\plugins\com.google.guava_32.1.3.jre.jar
2026-07-07 12:38:57,359 [Worker-12: Launching mavenrun-9e8f739a-5299-4a48-bcb3-9c117ced8a24] INFO  o.eclipse.m2e.core.internal.Bundles - getClasspathEntries(Bundle=slf4j.api_2.0.9 [989])
2026-07-07 12:38:57,359 [Worker-12: Launching mavenrun-9e8f739a-5299-4a48-bcb3-9c117ced8a24] INFO  o.eclipse.m2e.core.internal.Bundles - 	Entry: C:\eclipse-jee-2023-12-R-win32-x86_64\eclipse\plugins\slf4j.api_2.0.9.jar
2026-07-07 12:38:57,359 [Worker-12: Launching mavenrun-9e8f739a-5299-4a48-bcb3-9c117ced8a24] INFO  o.eclipse.m2e.core.internal.Bundles - getClasspathEntries(Bundle=jakarta.inject.jakarta.inject-api_1.0.5 [29])
2026-07-07 12:38:57,360 [Worker-12: Launching mavenrun-9e8f739a-5299-4a48-bcb3-9c117ced8a24] INFO  o.eclipse.m2e.core.internal.Bundles - 	Entry: C:\eclipse-jee-2023-12-R-win32-x86_64\eclipse\plugins\jakarta.inject.jakarta.inject-api_1.0.5.jar
2026-07-07 12:38:57,360 [Worker-12: Launching mavenrun-9e8f739a-5299-4a48-bcb3-9c117ced8a24] INFO  o.eclipse.m2e.core.internal.Bundles - getClasspathEntries(Bundle=jakarta.annotation-api_1.3.5 [24])
2026-07-07 12:38:57,360 [Worker-12: Launching mavenrun-9e8f739a-5299-4a48-bcb3-9c117ced8a24] INFO  o.eclipse.m2e.core.internal.Bundles - 	Entry: C:\eclipse-jee-2023-12-R-win32-x86_64\eclipse\plugins\jakarta.annotation-api_1.3.5.jar
2026-07-07 12:38:57,360 [Worker-12: Launching mavenrun-9e8f739a-5299-4a48-bcb3-9c117ced8a24] INFO  o.eclipse.m2e.core.internal.Bundles - getClasspathEntries(Bundle=org.apache.commons.cli_1.6.0 [71])
2026-07-07 12:38:57,361 [Worker-12: Launching mavenrun-9e8f739a-5299-4a48-bcb3-9c117ced8a24] INFO  o.eclipse.m2e.core.internal.Bundles - 	Entry: C:\eclipse-jee-2023-12-R-win32-x86_64\eclipse\plugins\org.apache.commons.cli_1.6.0.jar
2026-07-07 12:38:57,361 [Worker-12: Launching mavenrun-9e8f739a-5299-4a48-bcb3-9c117ced8a24] INFO  o.eclipse.m2e.core.internal.Bundles - getClasspathEntries(Bundle=org.apache.commons.commons-codec_1.16.0 [75])
2026-07-07 12:38:57,362 [Worker-12: Launching mavenrun-9e8f739a-5299-4a48-bcb3-9c117ced8a24] INFO  o.eclipse.m2e.core.internal.Bundles - 	Entry: C:\eclipse-jee-2023-12-R-win32-x86_64\eclipse\plugins\org.apache.commons.commons-codec_1.16.0.jar
2026-07-07 12:38:57,362 [Worker-12: Launching mavenrun-9e8f739a-5299-4a48-bcb3-9c117ced8a24] INFO  o.eclipse.m2e.core.internal.Bundles - getClasspathEntries(Bundle=org.apache.commons.lang3_3.13.0 [82])
2026-07-07 12:38:57,362 [Worker-12: Launching mavenrun-9e8f739a-5299-4a48-bcb3-9c117ced8a24] INFO  o.eclipse.m2e.core.internal.Bundles - 	Entry: C:\eclipse-jee-2023-12-R-win32-x86_64\eclipse\plugins\org.apache.commons.lang3_3.13.0.jar
2026-07-07 12:38:57,362 [Worker-12: Launching mavenrun-9e8f739a-5299-4a48-bcb3-9c117ced8a24] INFO  o.eclipse.m2e.core.internal.Bundles - getClasspathEntries(Bundle=com.google.guava.failureaccess_1.0.2 [13])
2026-07-07 12:38:57,363 [Worker-12: Launching mavenrun-9e8f739a-5299-4a48-bcb3-9c117ced8a24] INFO  o.eclipse.m2e.core.internal.Bundles - 	Entry: C:\eclipse-jee-2023-12-R-win32-x86_64\eclipse\plugins\com.google.guava.failureaccess_1.0.2.jar
2026-07-07 12:38:57,368 [Worker-12: Launching mavenrun-9e8f739a-5299-4a48-bcb3-9c117ced8a24] INFO  o.e.m.i.launch.MavenLaunchDelegate - Run build in "C:\Users\boras\AppData\Local\Temp\m2e-archetypeGenerator8573890591706303272":
2026-07-07 12:38:57,373 [Worker-12: Launching mavenrun-9e8f739a-5299-4a48-bcb3-9c117ced8a24] INFO  o.e.m.i.launch.MavenLaunchDelegate -  mvn  -DarchetypeGroupId=org.apache.maven.archetypes -DarchetypeArtifactId=maven-archetype-quickstart -DarchetypeVersion=1.1 -DgroupId=DSA -DartifactId=vectordemo -Dversion=0.0.1-SNAPSHOT -Dpackage=DSA.vectordemo -DoutputDirectory=D:\WorkSpace -Dstyle.color=always -U archetype:generate
2026-07-07 12:39:11,820 [Worker-11: Creating maven-archetype-quickstart] INFO  o.e.m.c.i.p.ProjectConfigurationManager - Collecting project info '/pom.xml' D:\WorkSpace\vectordemo\pom.xml
2026-07-07 12:39:12,196 [Worker-11: Creating maven-archetype-quickstart] INFO  o.e.m.c.i.e.AbstractTransferListenerAdapter - Downloading https://repo.maven.apache.org/maven2/org/apache/maven/plugins/maven-resources-plugin/3.3.1/maven-resources-plugin-3.3.1.jar
2026-07-07 12:39:12,326 [Worker-11: Creating maven-archetype-quickstart] INFO  o.e.m.c.i.e.AbstractTransferListenerAdapter - Downloaded https://repo.maven.apache.org/maven2/org/apache/maven/plugins/maven-resources-plugin/3.3.1/maven-resources-plugin-3.3.1.jar
2026-07-07 12:39:12,606 [Worker-11: Creating maven-archetype-quickstart] INFO  o.e.m.c.i.e.AbstractTransferListenerAdapter - Downloading https://repo.maven.apache.org/maven2/org/apache/maven/plugins/maven-compiler-plugin/3.11.0/maven-compiler-plugin-3.11.0.jar
2026-07-07 12:39:12,631 [Worker-11: Creating maven-archetype-quickstart] INFO  o.e.m.c.i.e.AbstractTransferListenerAdapter - Downloaded https://repo.maven.apache.org/maven2/org/apache/maven/plugins/maven-compiler-plugin/3.11.0/maven-compiler-plugin-3.11.0.jar
2026-07-07 12:39:12,695 [Worker-11: Creating maven-archetype-quickstart] INFO  o.e.m.c.i.e.AbstractTransferListenerAdapter - Downloading https://repo.maven.apache.org/maven2/org/apache/maven/plugins/maven-surefire-plugin/3.1.2/maven-surefire-plugin-3.1.2.jar
2026-07-07 12:39:12,708 [Worker-11: Creating maven-archetype-quickstart] INFO  o.e.m.c.i.e.AbstractTransferListenerAdapter - Downloaded https://repo.maven.apache.org/maven2/org/apache/maven/plugins/maven-surefire-plugin/3.1.2/maven-surefire-plugin-3.1.2.jar
2026-07-07 12:39:12,883 [Worker-11: Creating maven-archetype-quickstart] INFO  o.e.m.c.i.e.AbstractTransferListenerAdapter - Downloading https://repo.maven.apache.org/maven2/org/apache/maven/plugins/maven-jar-plugin/3.3.0/maven-jar-plugin-3.3.0.jar
2026-07-07 12:39:12,895 [Worker-11: Creating maven-archetype-quickstart] INFO  o.e.m.c.i.e.AbstractTransferListenerAdapter - Downloaded https://repo.maven.apache.org/maven2/org/apache/maven/plugins/maven-jar-plugin/3.3.0/maven-jar-plugin-3.3.0.jar
2026-07-07 12:39:13,096 [Worker-11: Creating maven-archetype-quickstart] INFO  o.e.m.c.i.e.AbstractTransferListenerAdapter - Downloading https://repo.maven.apache.org/maven2/org/apache/maven/plugins/maven-compiler-plugin/3.11.0/maven-compiler-plugin-3.11.0.pom
2026-07-07 12:39:13,105 [Worker-11: Creating maven-archetype-quickstart] INFO  o.e.m.c.i.e.AbstractTransferListenerAdapter - Downloaded https://repo.maven.apache.org/maven2/org/apache/maven/plugins/maven-compiler-plugin/3.11.0/maven-compiler-plugin-3.11.0.pom
2026-07-07 12:39:13,202 [Worker-11: Creating maven-archetype-quickstart] INFO  o.e.m.c.i.e.AbstractTransferListenerAdapter - Downloading https://repo.maven.apache.org/maven2/org/apache/maven/shared/maven-shared-utils/3.3.4/maven-shared-utils-3.3.4.pom
2026-07-07 12:39:13,206 [Worker-11: Creating maven-archetype-quickstart] INFO  o.e.m.c.i.e.AbstractTransferListenerAdapter - Downloaded https://repo.maven.apache.org/maven2/org/apache/maven/shared/maven-shared-utils/3.3.4/maven-shared-utils-3.3.4.pom
2026-07-07 12:39:13,264 [Worker-11: Creating maven-archetype-quickstart] INFO  o.e.m.c.i.e.AbstractTransferListenerAdapter - Downloading https://repo.maven.apache.org/maven2/org/apache/maven/shared/maven-shared-components/34/maven-shared-components-34.pom
2026-07-07 12:39:13,269 [Worker-11: Creating maven-archetype-quickstart] INFO  o.e.m.c.i.e.AbstractTransferListenerAdapter - Downloaded https://repo.maven.apache.org/maven2/org/apache/maven/shared/maven-shared-components/34/maven-shared-components-34.pom
2026-07-07 12:39:13,395 [Worker-11: Creating maven-archetype-quickstart] INFO  o.e.m.c.i.e.AbstractTransferListenerAdapter - Downloading https://repo.maven.apache.org/maven2/commons-io/commons-io/2.6/commons-io-2.6.pom
2026-07-07 12:39:13,411 [Worker-11: Creating maven-archetype-quickstart] INFO  o.e.m.c.i.e.AbstractTransferListenerAdapter - Downloaded https://repo.maven.apache.org/maven2/commons-io/commons-io/2.6/commons-io-2.6.pom
2026-07-07 12:39:13,493 [Worker-11: Creating maven-archetype-quickstart] INFO  o.e.m.c.i.e.AbstractTransferListenerAdapter - Downloading https://repo.maven.apache.org/maven2/org/apache/commons/commons-parent/42/commons-parent-42.pom
2026-07-07 12:39:13,499 [Worker-11: Creating maven-archetype-quickstart] INFO  o.e.m.c.i.e.AbstractTransferListenerAdapter - Downloaded https://repo.maven.apache.org/maven2/org/apache/commons/commons-parent/42/commons-parent-42.pom
2026-07-07 12:39:13,701 [Worker-11: Creating maven-archetype-quickstart] INFO  o.e.m.c.i.e.AbstractTransferListenerAdapter - Downloading https://repo.maven.apache.org/maven2/org/codehaus/plexus/plexus-component-annotations/1.5.5/plexus-component-annotations-1.5.5.pom
2026-07-07 12:39:13,705 [Worker-11: Creating maven-archetype-quickstart] INFO  o.e.m.c.i.e.AbstractTransferListenerAdapter - Downloaded https://repo.maven.apache.org/maven2/org/codehaus/plexus/plexus-component-annotations/1.5.5/plexus-component-annotations-1.5.5.pom
2026-07-07 12:39:13,774 [Worker-11: Creating maven-archetype-quickstart] INFO  o.e.m.c.i.e.AbstractTransferListenerAdapter - Downloading https://repo.maven.apache.org/maven2/org/codehaus/plexus/plexus-containers/1.5.5/plexus-containers-1.5.5.pom
2026-07-07 12:39:13,785 [Worker-11: Creating maven-archetype-quickstart] INFO  o.e.m.c.i.e.AbstractTransferListenerAdapter - Downloaded https://repo.maven.apache.org/maven2/org/codehaus/plexus/plexus-containers/1.5.5/plexus-containers-1.5.5.pom
2026-07-07 12:39:13,955 [Worker-11: Creating maven-archetype-quickstart] INFO  o.e.m.c.i.e.AbstractTransferListenerAdapter - Downloading https://repo.maven.apache.org/maven2/org/codehaus/plexus/plexus-java/1.1.2/plexus-java-1.1.2.pom
2026-07-07 12:39:13,962 [Worker-11: Creating maven-archetype-quickstart] INFO  o.e.m.c.i.e.AbstractTransferListenerAdapter - Downloaded https://repo.maven.apache.org/maven2/org/codehaus/plexus/plexus-java/1.1.2/plexus-java-1.1.2.pom
2026-07-07 12:39:14,034 [Worker-11: Creating maven-archetype-quickstart] INFO  o.e.m.c.i.e.AbstractTransferListenerAdapter - Downloading https://repo.maven.apache.org/maven2/org/codehaus/plexus/plexus-languages/1.1.2/plexus-languages-1.1.2.pom
2026-07-07 12:39:14,047 [Worker-11: Creating maven-archetype-quickstart] INFO  o.e.m.c.i.e.AbstractTransferListenerAdapter - Downloaded https://repo.maven.apache.org/maven2/org/codehaus/plexus/plexus-languages/1.1.2/plexus-languages-1.1.2.pom
2026-07-07 12:39:14,183 [Worker-11: Creating maven-archetype-quickstart] INFO  o.e.m.c.i.e.AbstractTransferListenerAdapter - Downloading https://repo.maven.apache.org/maven2/org/codehaus/plexus/plexus/10/plexus-10.pom
2026-07-07 12:39:14,197 [Worker-11: Creating maven-archetype-quickstart] INFO  o.e.m.c.i.e.AbstractTransferListenerAdapter - Downloaded https://repo.maven.apache.org/maven2/org/codehaus/plexus/plexus/10/plexus-10.pom
2026-07-07 12:39:14,317 [Worker-11: Creating maven-archetype-quickstart] INFO  o.e.m.c.i.e.AbstractTransferListenerAdapter - Downloading https://repo.maven.apache.org/maven2/org/ow2/asm/asm/9.4/asm-9.4.pom
2026-07-07 12:39:14,328 [Worker-11: Creating maven-archetype-quickstart] INFO  o.e.m.c.i.e.AbstractTransferListenerAdapter - Downloaded https://repo.maven.apache.org/maven2/org/ow2/asm/asm/9.4/asm-9.4.pom
2026-07-07 12:39:14,447 [Worker-11: Creating maven-archetype-quickstart] INFO  o.e.m.c.i.e.AbstractTransferListenerAdapter - Downloading https://repo.maven.apache.org/maven2/org/ow2/ow2/1.5.1/ow2-1.5.1.pom
2026-07-07 12:39:14,460 [Worker-11: Creating maven-archetype-quickstart] INFO  o.e.m.c.i.e.AbstractTransferListenerAdapter - Downloaded https://repo.maven.apache.org/maven2/org/ow2/ow2/1.5.1/ow2-1.5.1.pom
2026-07-07 12:39:14,568 [Worker-11: Creating maven-archetype-quickstart] INFO  o.e.m.c.i.e.AbstractTransferListenerAdapter - Downloading https://repo.maven.apache.org/maven2/com/thoughtworks/qdox/qdox/2.0.3/qdox-2.0.3.pom
2026-07-07 12:39:14,581 [Worker-11: Creating maven-archetype-quickstart] INFO  o.e.m.c.i.e.AbstractTransferListenerAdapter - Downloaded https://repo.maven.apache.org/maven2/com/thoughtworks/qdox/qdox/2.0.3/qdox-2.0.3.pom
2026-07-07 12:39:14,758 [Worker-11: Creating maven-archetype-quickstart] INFO  o.e.m.c.i.e.AbstractTransferListenerAdapter - Downloading https://repo.maven.apache.org/maven2/org/codehaus/plexus/plexus-compiler-api/2.13.0/plexus-compiler-api-2.13.0.pom
2026-07-07 12:39:14,772 [Worker-11: Creating maven-archetype-quickstart] INFO  o.e.m.c.i.e.AbstractTransferListenerAdapter - Downloaded https://repo.maven.apache.org/maven2/org/codehaus/plexus/plexus-compiler-api/2.13.0/plexus-compiler-api-2.13.0.pom
2026-07-07 12:39:14,865 [Worker-11: Creating maven-archetype-quickstart] INFO  o.e.m.c.i.e.AbstractTransferListenerAdapter - Downloading https://repo.maven.apache.org/maven2/org/codehaus/plexus/plexus-compiler/2.13.0/plexus-compiler-2.13.0.pom
2026-07-07 12:39:14,871 [Worker-11: Creating maven-archetype-quickstart] INFO  o.e.m.c.i.e.AbstractTransferListenerAdapter - Downloaded https://repo.maven.apache.org/maven2/org/codehaus/plexus/plexus-compiler/2.13.0/plexus-compiler-2.13.0.pom
2026-07-07 12:39:14,930 [Worker-11: Creating maven-archetype-quickstart] INFO  o.e.m.c.i.e.AbstractTransferListenerAdapter - Downloading https://repo.maven.apache.org/maven2/org/codehaus/plexus/plexus-components/10.0/plexus-components-10.0.pom
2026-07-07 12:39:14,934 [Worker-11: Creating maven-archetype-quickstart] INFO  o.e.m.c.i.e.AbstractTransferListenerAdapter - Downloaded https://repo.maven.apache.org/maven2/org/codehaus/plexus/plexus-components/10.0/plexus-components-10.0.pom
2026-07-07 12:39:14,994 [Worker-11: Creating maven-archetype-quickstart] INFO  o.e.m.c.i.e.AbstractTransferListenerAdapter - Downloading https://repo.maven.apache.org/maven2/org/junit/junit-bom/5.9.1/junit-bom-5.9.1.pom
2026-07-07 12:39:14,998 [Worker-11: Creating maven-archetype-quickstart] INFO  o.e.m.c.i.e.AbstractTransferListenerAdapter - Downloaded https://repo.maven.apache.org/maven2/org/junit/junit-bom/5.9.1/junit-bom-5.9.1.pom
2026-07-07 12:39:15,065 [Worker-11: Creating maven-archetype-quickstart] INFO  o.e.m.c.i.e.AbstractTransferListenerAdapter - Downloading https://repo.maven.apache.org/maven2/org/codehaus/plexus/plexus-utils/3.5.0/plexus-utils-3.5.0.pom
2026-07-07 12:39:15,071 [Worker-11: Creating maven-archetype-quickstart] INFO  o.e.m.c.i.e.AbstractTransferListenerAdapter - Downloaded https://repo.maven.apache.org/maven2/org/codehaus/plexus/plexus-utils/3.5.0/plexus-utils-3.5.0.pom
2026-07-07 12:39:15,152 [Worker-11: Creating maven-archetype-quickstart] INFO  o.e.m.c.i.e.AbstractTransferListenerAdapter - Downloading https://repo.maven.apache.org/maven2/org/codehaus/plexus/plexus-compiler-manager/2.13.0/plexus-compiler-manager-2.13.0.pom
2026-07-07 12:39:15,156 [Worker-11: Creating maven-archetype-quickstart] INFO  o.e.m.c.i.e.AbstractTransferListenerAdapter - Downloaded https://repo.maven.apache.org/maven2/org/codehaus/plexus/plexus-compiler-manager/2.13.0/plexus-compiler-manager-2.13.0.pom
2026-07-07 12:39:15,221 [Worker-11: Creating maven-archetype-quickstart] INFO  o.e.m.c.i.e.AbstractTransferListenerAdapter - Downloading https://repo.maven.apache.org/maven2/org/codehaus/plexus/plexus-component-annotations/2.1.1/plexus-component-annotations-2.1.1.pom
2026-07-07 12:39:15,227 [Worker-11: Creating maven-archetype-quickstart] INFO  o.e.m.c.i.e.AbstractTransferListenerAdapter - Downloaded https://repo.maven.apache.org/maven2/org/codehaus/plexus/plexus-component-annotations/2.1.1/plexus-component-annotations-2.1.1.pom
2026-07-07 12:39:15,314 [Worker-11: Creating maven-archetype-quickstart] INFO  o.e.m.c.i.e.AbstractTransferListenerAdapter - Downloading https://repo.maven.apache.org/maven2/org/codehaus/plexus/plexus-containers/2.1.1/plexus-containers-2.1.1.pom
2026-07-07 12:39:15,320 [Worker-11: Creating maven-archetype-quickstart] INFO  o.e.m.c.i.e.AbstractTransferListenerAdapter - Downloaded https://repo.maven.apache.org/maven2/org/codehaus/plexus/plexus-containers/2.1.1/plexus-containers-2.1.1.pom
2026-07-07 12:39:15,390 [Worker-11: Creating maven-archetype-quickstart] INFO  o.e.m.c.i.e.AbstractTransferListenerAdapter - Downloading https://repo.maven.apache.org/maven2/org/codehaus/plexus/plexus/6.5/plexus-6.5.pom
2026-07-07 12:39:15,396 [Worker-11: Creating maven-archetype-quickstart] INFO  o.e.m.c.i.e.AbstractTransferListenerAdapter - Downloaded https://repo.maven.apache.org/maven2/org/codehaus/plexus/plexus/6.5/plexus-6.5.pom
2026-07-07 12:39:15,482 [Worker-11: Creating maven-archetype-quickstart] INFO  o.e.m.c.i.e.AbstractTransferListenerAdapter - Downloading https://repo.maven.apache.org/maven2/org/codehaus/plexus/plexus-compiler-javac/2.13.0/plexus-compiler-javac-2.13.0.pom
2026-07-07 12:39:15,486 [Worker-11: Creating maven-archetype-quickstart] INFO  o.e.m.c.i.e.AbstractTransferListenerAdapter - Downloaded https://repo.maven.apache.org/maven2/org/codehaus/plexus/plexus-compiler-javac/2.13.0/plexus-compiler-javac-2.13.0.pom
2026-07-07 12:39:15,562 [Worker-11: Creating maven-archetype-quickstart] INFO  o.e.m.c.i.e.AbstractTransferListenerAdapter - Downloading https://repo.maven.apache.org/maven2/org/codehaus/plexus/plexus-compilers/2.13.0/plexus-compilers-2.13.0.pom
2026-07-07 12:39:15,571 [Worker-11: Creating maven-archetype-quickstart] INFO  o.e.m.c.i.e.AbstractTransferListenerAdapter - Downloaded https://repo.maven.apache.org/maven2/org/codehaus/plexus/plexus-compilers/2.13.0/plexus-compilers-2.13.0.pom
2026-07-07 12:39:15,723 [Worker-11: Creating maven-archetype-quickstart] INFO  o.e.m.c.i.e.AbstractTransferListenerAdapter - Downloading https://repo.maven.apache.org/maven2/org/apache/maven/shared/maven-shared-utils/3.3.4/maven-shared-utils-3.3.4.jar
2026-07-07 12:39:15,840 [Worker-11: Creating maven-archetype-quickstart] INFO  o.e.m.c.i.e.AbstractTransferListenerAdapter - Downloaded https://repo.maven.apache.org/maven2/org/apache/maven/shared/maven-shared-utils/3.3.4/maven-shared-utils-3.3.4.jar
2026-07-07 12:39:15,904 [BasicRepositoryConnector-repo.maven.apache.org-0-0] INFO  o.e.m.c.i.e.AbstractTransferListenerAdapter - Downloading https://repo.maven.apache.org/maven2/commons-io/commons-io/2.6/commons-io-2.6.jar
2026-07-07 12:39:15,969 [BasicRepositoryConnector-repo.maven.apache.org-0-0] INFO  o.e.m.c.i.e.AbstractTransferListenerAdapter - Downloaded https://repo.maven.apache.org/maven2/commons-io/commons-io/2.6/commons-io-2.6.jar
2026-07-07 12:39:16,022 [BasicRepositoryConnector-repo.maven.apache.org-0-4] INFO  o.e.m.c.i.e.AbstractTransferListenerAdapter - Downloading https://repo.maven.apache.org/maven2/com/thoughtworks/qdox/qdox/2.0.3/qdox-2.0.3.jar
2026-07-07 12:39:16,022 [BasicRepositoryConnector-repo.maven.apache.org-0-3] INFO  o.e.m.c.i.e.AbstractTransferListenerAdapter - Downloading https://repo.maven.apache.org/maven2/org/ow2/asm/asm/9.4/asm-9.4.jar
2026-07-07 12:39:16,022 [BasicRepositoryConnector-repo.maven.apache.org-0-0] INFO  o.e.m.c.i.e.AbstractTransferListenerAdapter - Downloading https://repo.maven.apache.org/maven2/org/codehaus/plexus/plexus-compiler-api/2.13.0/plexus-compiler-api-2.13.0.jar
2026-07-07 12:39:16,023 [BasicRepositoryConnector-repo.maven.apache.org-0-1] INFO  o.e.m.c.i.e.AbstractTransferListenerAdapter - Downloading https://repo.maven.apache.org/maven2/org/codehaus/plexus/plexus-component-annotations/1.5.5/plexus-component-annotations-1.5.5.jar
2026-07-07 12:39:16,026 [BasicRepositoryConnector-repo.maven.apache.org-0-2] INFO  o.e.m.c.i.e.AbstractTransferListenerAdapter - Downloading https://repo.maven.apache.org/maven2/org/codehaus/plexus/plexus-java/1.1.2/plexus-java-1.1.2.jar
2026-07-07 12:39:16,029 [BasicRepositoryConnector-repo.maven.apache.org-0-1] INFO  o.e.m.c.i.e.AbstractTransferListenerAdapter - Downloaded https://repo.maven.apache.org/maven2/org/codehaus/plexus/plexus-component-annotations/1.5.5/plexus-component-annotations-1.5.5.jar
2026-07-07 12:39:16,044 [BasicRepositoryConnector-repo.maven.apache.org-0-0] INFO  o.e.m.c.i.e.AbstractTransferListenerAdapter - Downloaded https://repo.maven.apache.org/maven2/org/codehaus/plexus/plexus-compiler-api/2.13.0/plexus-compiler-api-2.13.0.jar
2026-07-07 12:39:16,055 [BasicRepositoryConnector-repo.maven.apache.org-0-2] INFO  o.e.m.c.i.e.AbstractTransferListenerAdapter - Downloaded https://repo.maven.apache.org/maven2/org/codehaus/plexus/plexus-java/1.1.2/plexus-java-1.1.2.jar
2026-07-07 12:39:16,108 [BasicRepositoryConnector-repo.maven.apache.org-0-1] INFO  o.e.m.c.i.e.AbstractTransferListenerAdapter - Downloading https://repo.maven.apache.org/maven2/org/codehaus/plexus/plexus-utils/3.5.0/plexus-utils-3.5.0.jar
2026-07-07 12:39:16,111 [BasicRepositoryConnector-repo.maven.apache.org-0-3] INFO  o.e.m.c.i.e.AbstractTransferListenerAdapter - Downloaded https://repo.maven.apache.org/maven2/org/ow2/asm/asm/9.4/asm-9.4.jar
2026-07-07 12:39:16,118 [BasicRepositoryConnector-repo.maven.apache.org-0-0] INFO  o.e.m.c.i.e.AbstractTransferListenerAdapter - Downloading https://repo.maven.apache.org/maven2/org/codehaus/plexus/plexus-compiler-manager/2.13.0/plexus-compiler-manager-2.13.0.jar
2026-07-07 12:39:16,124 [BasicRepositoryConnector-repo.maven.apache.org-0-0] INFO  o.e.m.c.i.e.AbstractTransferListenerAdapter - Downloaded https://repo.maven.apache.org/maven2/org/codehaus/plexus/plexus-compiler-manager/2.13.0/plexus-compiler-manager-2.13.0.jar
2026-07-07 12:39:16,131 [BasicRepositoryConnector-repo.maven.apache.org-0-2] INFO  o.e.m.c.i.e.AbstractTransferListenerAdapter - Downloading https://repo.maven.apache.org/maven2/org/codehaus/plexus/plexus-compiler-javac/2.13.0/plexus-compiler-javac-2.13.0.jar
2026-07-07 12:39:16,145 [BasicRepositoryConnector-repo.maven.apache.org-0-2] INFO  o.e.m.c.i.e.AbstractTransferListenerAdapter - Downloaded https://repo.maven.apache.org/maven2/org/codehaus/plexus/plexus-compiler-javac/2.13.0/plexus-compiler-javac-2.13.0.jar
2026-07-07 12:39:16,201 [BasicRepositoryConnector-repo.maven.apache.org-0-1] INFO  o.e.m.c.i.e.AbstractTransferListenerAdapter - Downloaded https://repo.maven.apache.org/maven2/org/codehaus/plexus/plexus-utils/3.5.0/plexus-utils-3.5.0.jar
2026-07-07 12:39:16,211 [BasicRepositoryConnector-repo.maven.apache.org-0-4] INFO  o.e.m.c.i.e.AbstractTransferListenerAdapter - Downloaded https://repo.maven.apache.org/maven2/com/thoughtworks/qdox/qdox/2.0.3/qdox-2.0.3.jar
2026-07-07 12:39:16,440 [Worker-11: Creating maven-archetype-quickstart] INFO  o.e.m.c.i.l.LifecycleMappingFactory - Using org.eclipse.m2e.jdt.JarLifecycleMapping lifecycle mapping for MavenProject: DSA:vectordemo:0.0.1-SNAPSHOT @ D:\WorkSpace\vectordemo\pom.xml.
2026-07-07 12:39:16,515 [Worker-11: Creating maven-archetype-quickstart] INFO  o.e.m.c.i.e.AbstractTransferListenerAdapter - Downloading https://repo.maven.apache.org/maven2/junit/junit/3.8.1/junit-3.8.1.pom
2026-07-07 12:39:16,520 [Worker-11: Creating maven-archetype-quickstart] INFO  o.e.m.c.i.e.AbstractTransferListenerAdapter - Downloaded https://repo.maven.apache.org/maven2/junit/junit/3.8.1/junit-3.8.1.pom
2026-07-07 12:39:16,590 [Worker-11: Creating maven-archetype-quickstart] INFO  o.e.m.c.i.e.AbstractTransferListenerAdapter - Downloading https://repo.maven.apache.org/maven2/junit/junit/3.8.1/junit-3.8.1.jar
2026-07-07 12:39:16,665 [Worker-11: Creating maven-archetype-quickstart] INFO  o.e.m.c.i.e.AbstractTransferListenerAdapter - Downloaded https://repo.maven.apache.org/maven2/junit/junit/3.8.1/junit-3.8.1.jar
2026-07-07 12:39:16,756 [Worker-11: Creating maven-archetype-quickstart] INFO  o.e.m.c.i.e.AbstractTransferListenerAdapter - Downloading https://repo.maven.apache.org/maven2/org/apache/maven/plugins/maven-resources-plugin/3.3.1/maven-resources-plugin-3.3.1.pom
2026-07-07 12:39:16,766 [Worker-11: Creating maven-archetype-quickstart] INFO  o.e.m.c.i.e.AbstractTransferListenerAdapter - Downloaded https://repo.maven.apache.org/maven2/org/apache/maven/plugins/maven-resources-plugin/3.3.1/maven-resources-plugin-3.3.1.pom
2026-07-07 12:39:16,898 [Worker-11: Creating maven-archetype-quickstart] INFO  o.e.m.c.i.e.AbstractTransferListenerAdapter - Downloading https://repo.maven.apache.org/maven2/org/apache/maven/plugins/maven-surefire-plugin/3.1.2/maven-surefire-plugin-3.1.2.pom
2026-07-07 12:39:16,940 [Worker-11: Creating maven-archetype-quickstart] INFO  o.e.m.c.i.e.AbstractTransferListenerAdapter - Downloaded https://repo.maven.apache.org/maven2/org/apache/maven/plugins/maven-surefire-plugin/3.1.2/maven-surefire-plugin-3.1.2.pom
2026-07-07 12:39:16,992 [Worker-11: Creating maven-archetype-quickstart] INFO  o.e.m.c.i.e.AbstractTransferListenerAdapter - Downloading https://repo.maven.apache.org/maven2/org/apache/maven/surefire/surefire/3.1.2/surefire-3.1.2.pom
2026-07-07 12:39:16,998 [Worker-11: Creating maven-archetype-quickstart] INFO  o.e.m.c.i.e.AbstractTransferListenerAdapter - Downloaded https://repo.maven.apache.org/maven2/org/apache/maven/surefire/surefire/3.1.2/surefire-3.1.2.pom
2026-07-07 12:39:17,077 [Worker-11: Creating maven-archetype-quickstart] INFO  o.e.m.c.i.e.AbstractTransferListenerAdapter - Downloading https://repo.maven.apache.org/maven2/org/apache/maven/plugins/maven-jar-plugin/3.3.0/maven-jar-plugin-3.3.0.pom
2026-07-07 12:39:17,084 [Worker-11: Creating maven-archetype-quickstart] INFO  o.e.m.c.i.e.AbstractTransferListenerAdapter - Downloaded https://repo.maven.apache.org/maven2/org/apache/maven/plugins/maven-jar-plugin/3.3.0/maven-jar-plugin-3.3.0.pom
2026-07-07 12:39:17,140 [Worker-11: Creating maven-archetype-quickstart] INFO  o.e.m.c.i.e.AbstractTransferListenerAdapter - Downloading https://repo.maven.apache.org/maven2/org/apache/maven/plugins/maven-plugins/37/maven-plugins-37.pom
2026-07-07 12:39:17,146 [Worker-11: Creating maven-archetype-quickstart] INFO  o.e.m.c.i.e.AbstractTransferListenerAdapter - Downloaded https://repo.maven.apache.org/maven2/org/apache/maven/plugins/maven-plugins/37/maven-plugins-37.pom
2026-07-07 12:39:17,228 [Worker-11: Creating maven-archetype-quickstart] INFO  o.e.m.c.i.e.AbstractTransferListenerAdapter - Downloading https://repo.maven.apache.org/maven2/org/apache/maven/maven-parent/37/maven-parent-37.pom
2026-07-07 12:39:17,242 [Worker-11: Creating maven-archetype-quickstart] INFO  o.e.m.c.i.e.AbstractTransferListenerAdapter - Downloaded https://repo.maven.apache.org/maven2/org/apache/maven/maven-parent/37/maven-parent-37.pom
2026-07-07 12:39:17,337 [Worker-11: Creating maven-archetype-quickstart] INFO  o.e.m.c.i.e.AbstractTransferListenerAdapter - Downloading https://repo.maven.apache.org/maven2/org/apache/apache/27/apache-27.pom
2026-07-07 12:39:17,349 [Worker-11: Creating maven-archetype-quickstart] INFO  o.e.m.c.i.e.AbstractTransferListenerAdapter - Downloaded https://repo.maven.apache.org/maven2/org/apache/apache/27/apache-27.pom
2026-07-07 12:39:17,490 [Worker-11: Creating maven-archetype-quickstart] INFO  o.e.m.c.i.e.AbstractTransferListenerAdapter - Downloading https://repo.maven.apache.org/maven2/org/apache/maven/shared/file-management/3.1.0/file-management-3.1.0.pom
2026-07-07 12:39:17,497 [Worker-11: Creating maven-archetype-quickstart] INFO  o.e.m.c.i.e.AbstractTransferListenerAdapter - Downloaded https://repo.maven.apache.org/maven2/org/apache/maven/shared/file-management/3.1.0/file-management-3.1.0.pom
2026-07-07 12:39:17,563 [Worker-11: Creating maven-archetype-quickstart] INFO  o.e.m.c.i.e.AbstractTransferListenerAdapter - Downloading https://repo.maven.apache.org/maven2/org/apache/maven/shared/maven-shared-components/36/maven-shared-components-36.pom
2026-07-07 12:39:17,568 [Worker-11: Creating maven-archetype-quickstart] INFO  o.e.m.c.i.e.AbstractTransferListenerAdapter - Downloaded https://repo.maven.apache.org/maven2/org/apache/maven/shared/maven-shared-components/36/maven-shared-components-36.pom
2026-07-07 12:39:17,654 [Worker-11: Creating maven-archetype-quickstart] INFO  o.e.m.c.i.e.AbstractTransferListenerAdapter - Downloading https://repo.maven.apache.org/maven2/org/codehaus/plexus/plexus-utils/3.3.0/plexus-utils-3.3.0.pom
2026-07-07 12:39:17,666 [Worker-11: Creating maven-archetype-quickstart] INFO  o.e.m.c.i.e.AbstractTransferListenerAdapter - Downloaded https://repo.maven.apache.org/maven2/org/codehaus/plexus/plexus-utils/3.3.0/plexus-utils-3.3.0.pom
2026-07-07 12:39:17,764 [Worker-11: Creating maven-archetype-quickstart] INFO  o.e.m.c.i.e.AbstractTransferListenerAdapter - Downloading https://repo.maven.apache.org/maven2/org/codehaus/plexus/plexus/5.1/plexus-5.1.pom
2026-07-07 12:39:17,776 [Worker-11: Creating maven-archetype-quickstart] INFO  o.e.m.c.i.e.AbstractTransferListenerAdapter - Downloaded https://repo.maven.apache.org/maven2/org/codehaus/plexus/plexus/5.1/plexus-5.1.pom
2026-07-07 12:39:17,909 [Worker-11: Creating maven-archetype-quickstart] INFO  o.e.m.c.i.e.AbstractTransferListenerAdapter - Downloading https://repo.maven.apache.org/maven2/commons-io/commons-io/2.11.0/commons-io-2.11.0.pom
2026-07-07 12:39:17,921 [Worker-11: Creating maven-archetype-quickstart] INFO  o.e.m.c.i.e.AbstractTransferListenerAdapter - Downloaded https://repo.maven.apache.org/maven2/commons-io/commons-io/2.11.0/commons-io-2.11.0.pom
2026-07-07 12:39:18,118 [Worker-11: Creating maven-archetype-quickstart] INFO  o.e.m.c.i.e.AbstractTransferListenerAdapter - Downloading https://repo.maven.apache.org/maven2/org/apache/commons/commons-parent/52/commons-parent-52.pom
2026-07-07 12:39:18,134 [Worker-11: Creating maven-archetype-quickstart] INFO  o.e.m.c.i.e.AbstractTransferListenerAdapter - Downloaded https://repo.maven.apache.org/maven2/org/apache/commons/commons-parent/52/commons-parent-52.pom
2026-07-07 12:39:18,226 [Worker-11: Creating maven-archetype-quickstart] INFO  o.e.m.c.i.e.AbstractTransferListenerAdapter - Downloading https://repo.maven.apache.org/maven2/org/junit/junit-bom/5.7.2/junit-bom-5.7.2.pom
2026-07-07 12:39:18,261 [Worker-11: Creating maven-archetype-quickstart] INFO  o.e.m.c.i.e.AbstractTransferListenerAdapter - Downloaded https://repo.maven.apache.org/maven2/org/junit/junit-bom/5.7.2/junit-bom-5.7.2.pom
2026-07-07 12:39:18,359 [Worker-11: Creating maven-archetype-quickstart] INFO  o.e.m.c.i.e.AbstractTransferListenerAdapter - Downloading https://repo.maven.apache.org/maven2/org/apache/maven/maven-archiver/3.6.0/maven-archiver-3.6.0.pom
2026-07-07 12:39:18,374 [Worker-11: Creating maven-archetype-quickstart] INFO  o.e.m.c.i.e.AbstractTransferListenerAdapter - Downloaded https://repo.maven.apache.org/maven2/org/apache/maven/maven-archiver/3.6.0/maven-archiver-3.6.0.pom
2026-07-07 12:39:18,467 [Worker-11: Creating maven-archetype-quickstart] INFO  o.e.m.c.i.e.AbstractTransferListenerAdapter - Downloading https://repo.maven.apache.org/maven2/org/codehaus/plexus/plexus-io/3.4.0/plexus-io-3.4.0.pom
2026-07-07 12:39:18,481 [Worker-11: Creating maven-archetype-quickstart] INFO  o.e.m.c.i.e.AbstractTransferListenerAdapter - Downloaded https://repo.maven.apache.org/maven2/org/codehaus/plexus/plexus-io/3.4.0/plexus-io-3.4.0.pom
2026-07-07 12:39:18,572 [Worker-11: Creating maven-archetype-quickstart] INFO  o.e.m.c.i.e.AbstractTransferListenerAdapter - Downloading https://repo.maven.apache.org/maven2/org/codehaus/plexus/plexus-archiver/4.4.0/plexus-archiver-4.4.0.pom
2026-07-07 12:39:18,584 [Worker-11: Creating maven-archetype-quickstart] INFO  o.e.m.c.i.e.AbstractTransferListenerAdapter - Downloaded https://repo.maven.apache.org/maven2/org/codehaus/plexus/plexus-archiver/4.4.0/plexus-archiver-4.4.0.pom
2026-07-07 12:39:18,681 [Worker-11: Creating maven-archetype-quickstart] INFO  o.e.m.c.i.e.AbstractTransferListenerAdapter - Downloading https://repo.maven.apache.org/maven2/org/apache/commons/commons-compress/1.21/commons-compress-1.21.pom
2026-07-07 12:39:18,700 [Worker-11: Creating maven-archetype-quickstart] INFO  o.e.m.c.i.e.AbstractTransferListenerAdapter - Downloaded https://repo.maven.apache.org/maven2/org/apache/commons/commons-compress/1.21/commons-compress-1.21.pom
2026-07-07 12:39:18,869 [Worker-11: Creating maven-archetype-quickstart] INFO  o.e.m.c.i.e.AbstractTransferListenerAdapter - Downloading https://repo.maven.apache.org/maven2/org/codehaus/plexus/plexus-interpolation/1.26/plexus-interpolation-1.26.pom
2026-07-07 12:39:18,880 [Worker-11: Creating maven-archetype-quickstart] INFO  o.e.m.c.i.e.AbstractTransferListenerAdapter - Downloaded https://repo.maven.apache.org/maven2/org/codehaus/plexus/plexus-interpolation/1.26/plexus-interpolation-1.26.pom
2026-07-07 12:39:18,974 [Worker-11: Creating maven-archetype-quickstart] INFO  o.e.m.c.i.e.AbstractTransferListenerAdapter - Downloading https://repo.maven.apache.org/maven2/org/codehaus/plexus/plexus-utils/3.4.2/plexus-utils-3.4.2.pom
2026-07-07 12:39:18,985 [Worker-11: Creating maven-archetype-quickstart] INFO  o.e.m.c.i.e.AbstractTransferListenerAdapter - Downloaded https://repo.maven.apache.org/maven2/org/codehaus/plexus/plexus-utils/3.4.2/plexus-utils-3.4.2.pom
2026-07-07 12:39:19,078 [Worker-11: Creating maven-archetype-quickstart] INFO  o.e.m.c.i.e.AbstractTransferListenerAdapter - Downloading https://repo.maven.apache.org/maven2/org/codehaus/plexus/plexus/8/plexus-8.pom
2026-07-07 12:39:19,095 [Worker-11: Creating maven-archetype-quickstart] INFO  o.e.m.c.i.e.AbstractTransferListenerAdapter - Downloaded https://repo.maven.apache.org/maven2/org/codehaus/plexus/plexus/8/plexus-8.pom
2026-07-07 12:39:19,260 [Worker-11: Creating maven-archetype-quickstart] INFO  o.e.m.c.i.e.AbstractTransferListenerAdapter - Downloading https://repo.maven.apache.org/maven2/org/apache/maven/shared/file-management/3.1.0/file-management-3.1.0.jar
2026-07-07 12:39:19,358 [Worker-11: Creating maven-archetype-quickstart] INFO  o.e.m.c.i.e.AbstractTransferListenerAdapter - Downloaded https://repo.maven.apache.org/maven2/org/apache/maven/shared/file-management/3.1.0/file-management-3.1.0.jar
2026-07-07 12:39:19,417 [BasicRepositoryConnector-repo.maven.apache.org-1-1] INFO  o.e.m.c.i.e.AbstractTransferListenerAdapter - Downloading https://repo.maven.apache.org/maven2/org/apache/maven/maven-archiver/3.6.0/maven-archiver-3.6.0.jar
2026-07-07 12:39:19,422 [BasicRepositoryConnector-repo.maven.apache.org-1-3] INFO  o.e.m.c.i.e.AbstractTransferListenerAdapter - Downloading https://repo.maven.apache.org/maven2/org/codehaus/plexus/plexus-archiver/4.4.0/plexus-archiver-4.4.0.jar
2026-07-07 12:39:19,428 [BasicRepositoryConnector-repo.maven.apache.org-1-2] INFO  o.e.m.c.i.e.AbstractTransferListenerAdapter - Downloading https://repo.maven.apache.org/maven2/org/codehaus/plexus/plexus-io/3.4.0/plexus-io-3.4.0.jar
2026-07-07 12:39:19,434 [BasicRepositoryConnector-repo.maven.apache.org-1-1] INFO  o.e.m.c.i.e.AbstractTransferListenerAdapter - Downloaded https://repo.maven.apache.org/maven2/org/apache/maven/maven-archiver/3.6.0/maven-archiver-3.6.0.jar
2026-07-07 12:39:19,441 [BasicRepositoryConnector-repo.maven.apache.org-1-4] INFO  o.e.m.c.i.e.AbstractTransferListenerAdapter - Downloading https://repo.maven.apache.org/maven2/org/apache/commons/commons-compress/1.21/commons-compress-1.21.jar
2026-07-07 12:39:19,461 [BasicRepositoryConnector-repo.maven.apache.org-1-0] INFO  o.e.m.c.i.e.AbstractTransferListenerAdapter - Downloading https://repo.maven.apache.org/maven2/commons-io/commons-io/2.11.0/commons-io-2.11.0.jar
2026-07-07 12:39:19,487 [BasicRepositoryConnector-repo.maven.apache.org-1-2] INFO  o.e.m.c.i.e.AbstractTransferListenerAdapter - Downloaded https://repo.maven.apache.org/maven2/org/codehaus/plexus/plexus-io/3.4.0/plexus-io-3.4.0.jar
2026-07-07 12:39:19,500 [BasicRepositoryConnector-repo.maven.apache.org-1-1] INFO  o.e.m.c.i.e.AbstractTransferListenerAdapter - Downloading https://repo.maven.apache.org/maven2/org/tukaani/xz/1.9/xz-1.9.jar
2026-07-07 12:39:19,540 [BasicRepositoryConnector-repo.maven.apache.org-1-1] INFO  o.e.m.c.i.e.AbstractTransferListenerAdapter - Downloaded https://repo.maven.apache.org/maven2/org/tukaani/xz/1.9/xz-1.9.jar
2026-07-07 12:39:19,568 [BasicRepositoryConnector-repo.maven.apache.org-1-2] INFO  o.e.m.c.i.e.AbstractTransferListenerAdapter - Downloading https://repo.maven.apache.org/maven2/org/codehaus/plexus/plexus-interpolation/1.26/plexus-interpolation-1.26.jar
2026-07-07 12:39:19,569 [BasicRepositoryConnector-repo.maven.apache.org-1-3] INFO  o.e.m.c.i.e.AbstractTransferListenerAdapter - Downloaded https://repo.maven.apache.org/maven2/org/codehaus/plexus/plexus-archiver/4.4.0/plexus-archiver-4.4.0.jar
2026-07-07 12:39:19,592 [BasicRepositoryConnector-repo.maven.apache.org-1-2] INFO  o.e.m.c.i.e.AbstractTransferListenerAdapter - Downloaded https://repo.maven.apache.org/maven2/org/codehaus/plexus/plexus-interpolation/1.26/plexus-interpolation-1.26.jar
2026-07-07 12:39:19,619 [BasicRepositoryConnector-repo.maven.apache.org-1-1] INFO  o.e.m.c.i.e.AbstractTransferListenerAdapter - Downloading https://repo.maven.apache.org/maven2/org/codehaus/plexus/plexus-utils/3.4.2/plexus-utils-3.4.2.jar
2026-07-07 12:39:19,741 [BasicRepositoryConnector-repo.maven.apache.org-1-1] INFO  o.e.m.c.i.e.AbstractTransferListenerAdapter - Downloaded https://repo.maven.apache.org/maven2/org/codehaus/plexus/plexus-utils/3.4.2/plexus-utils-3.4.2.jar
2026-07-07 12:39:19,765 [BasicRepositoryConnector-repo.maven.apache.org-1-4] INFO  o.e.m.c.i.e.AbstractTransferListenerAdapter - Downloaded https://repo.maven.apache.org/maven2/org/apache/commons/commons-compress/1.21/commons-compress-1.21.jar
2026-07-07 12:39:20,337 [BasicRepositoryConnector-repo.maven.apache.org-1-0] INFO  o.e.m.c.i.e.AbstractTransferListenerAdapter - Downloaded https://repo.maven.apache.org/maven2/commons-io/commons-io/2.11.0/commons-io-2.11.0.jar
2026-07-07 12:39:20,841 [Worker-11: Creating maven-archetype-quickstart] INFO  o.e.m.c.i.e.AbstractTransferListenerAdapter - Downloading https://repo.maven.apache.org/maven2/org/codehaus/plexus/plexus-utils/3.5.1/plexus-utils-3.5.1.pom
2026-07-07 12:39:20,853 [Worker-11: Creating maven-archetype-quickstart] INFO  o.e.m.c.i.e.AbstractTransferListenerAdapter - Downloaded https://repo.maven.apache.org/maven2/org/codehaus/plexus/plexus-utils/3.5.1/plexus-utils-3.5.1.pom
2026-07-07 12:39:20,947 [Worker-11: Creating maven-archetype-quickstart] INFO  o.e.m.c.i.e.AbstractTransferListenerAdapter - Downloading https://repo.maven.apache.org/maven2/org/apache/maven/shared/maven-filtering/3.3.1/maven-filtering-3.3.1.pom
2026-07-07 12:39:20,974 [Worker-11: Creating maven-archetype-quickstart] INFO  o.e.m.c.i.e.AbstractTransferListenerAdapter - Downloaded https://repo.maven.apache.org/maven2/org/apache/maven/shared/maven-filtering/3.3.1/maven-filtering-3.3.1.pom
2026-07-07 12:39:21,251 [Worker-11: Creating maven-archetype-quickstart] INFO  o.e.m.c.i.e.AbstractTransferListenerAdapter - Downloading https://repo.maven.apache.org/maven2/org/apache/commons/commons-lang3/3.12.0/commons-lang3-3.12.0.pom
2026-07-07 12:39:21,264 [Worker-11: Creating maven-archetype-quickstart] INFO  o.e.m.c.i.e.AbstractTransferListenerAdapter - Downloaded https://repo.maven.apache.org/maven2/org/apache/commons/commons-lang3/3.12.0/commons-lang3-3.12.0.pom
2026-07-07 12:39:21,318 [Worker-11: Creating maven-archetype-quickstart] INFO  o.e.m.c.i.e.AbstractTransferListenerAdapter - Downloading https://repo.maven.apache.org/maven2/org/junit/junit-bom/5.7.1/junit-bom-5.7.1.pom
2026-07-07 12:39:21,322 [Worker-11: Creating maven-archetype-quickstart] INFO  o.e.m.c.i.e.AbstractTransferListenerAdapter - Downloaded https://repo.maven.apache.org/maven2/org/junit/junit-bom/5.7.1/junit-bom-5.7.1.pom
2026-07-07 12:39:21,408 [Worker-11: Creating maven-archetype-quickstart] INFO  o.e.m.c.i.e.AbstractTransferListenerAdapter - Downloading https://repo.maven.apache.org/maven2/org/codehaus/plexus/plexus-utils/3.5.1/plexus-utils-3.5.1.jar
2026-07-07 12:39:21,816 [Worker-11: Creating maven-archetype-quickstart] INFO  o.e.m.c.i.e.AbstractTransferListenerAdapter - Downloaded https://repo.maven.apache.org/maven2/org/codehaus/plexus/plexus-utils/3.5.1/plexus-utils-3.5.1.jar
2026-07-07 12:39:21,865 [BasicRepositoryConnector-repo.maven.apache.org-2-1] INFO  o.e.m.c.i.e.AbstractTransferListenerAdapter - Downloading https://repo.maven.apache.org/maven2/org/apache/commons/commons-lang3/3.12.0/commons-lang3-3.12.0.jar
2026-07-07 12:39:21,889 [BasicRepositoryConnector-repo.maven.apache.org-2-0] INFO  o.e.m.c.i.e.AbstractTransferListenerAdapter - Downloading https://repo.maven.apache.org/maven2/org/apache/maven/shared/maven-filtering/3.3.1/maven-filtering-3.3.1.jar
2026-07-07 12:39:21,893 [Worker-21: Download sources and javadoc] INFO  o.e.m.c.i.e.AbstractTransferListenerAdapter - Downloading https://repo.maven.apache.org/maven2/junit/junit/3.8.1/junit-3.8.1-sources.jar
2026-07-07 12:39:21,928 [Worker-21: Download sources and javadoc] INFO  o.e.m.c.i.e.AbstractTransferListenerAdapter - Downloaded https://repo.maven.apache.org/maven2/junit/junit/3.8.1/junit-3.8.1-sources.jar
2026-07-07 12:39:21,934 [Worker-21: Download sources and javadoc] INFO  o.e.m.j.internal.DownloadSourcesJob - Downloaded sources for junit:junit:3.8.1
2026-07-07 12:39:21,934 [BasicRepositoryConnector-repo.maven.apache.org-2-0] INFO  o.e.m.c.i.e.AbstractTransferListenerAdapter - Downloaded https://repo.maven.apache.org/maven2/org/apache/maven/shared/maven-filtering/3.3.1/maven-filtering-3.3.1.jar
2026-07-07 12:39:22,013 [BasicRepositoryConnector-repo.maven.apache.org-2-1] INFO  o.e.m.c.i.e.AbstractTransferListenerAdapter - Downloaded https://repo.maven.apache.org/maven2/org/apache/commons/commons-lang3/3.12.0/commons-lang3-3.12.0.jar
2026-07-07 12:39:22,066 [Worker-11: Creating maven-archetype-quickstart] INFO  o.e.m.j.i.AbstractJavaProjectConfigurator - Adding source folder /vectordemo/src/main/java
2026-07-07 12:39:22,066 [Worker-11: Creating maven-archetype-quickstart] INFO  o.e.m.j.i.AbstractJavaProjectConfigurator - Adding resource folder /vectordemo/src/main/resources
2026-07-07 12:39:22,080 [Worker-11: Creating maven-archetype-quickstart] INFO  o.e.m.j.i.AbstractJavaProjectConfigurator - Adding source folder /vectordemo/src/test/java
2026-07-07 12:39:22,081 [Worker-11: Creating maven-archetype-quickstart] INFO  o.e.m.j.i.AbstractJavaProjectConfigurator - Adding resource folder /vectordemo/src/test/resources
2026-07-07 12:39:22,215 [Worker-11: Creating maven-archetype-quickstart] INFO  o.e.m.c.i.p.ProjectConfigurationManager - Imported and configured 1 project(s) in 10 sec
2026-07-07 12:39:22,620 [Worker-22: Building] INFO  o.a.m.s.f.DefaultMavenResourcesFiltering - skip non existing resourceDirectory D:\WorkSpace\vectordemo\src\main\resources
2026-07-07 12:39:22,625 [Worker-22: Building] INFO  o.a.m.s.f.DefaultMavenResourcesFiltering - skip non existing resourceDirectory D:\WorkSpace\vectordemo\src\test\resources
2026-07-07 12:39:44,100 [Worker-21: Building] INFO  o.a.m.s.f.DefaultMavenResourcesFiltering - skip non existing resourceDirectory D:\WorkSpace\vectordemo\src\main\resources
2026-07-07 12:39:44,102 [Worker-21: Building] INFO  o.a.m.s.f.DefaultMavenResourcesFiltering - skip non existing resourceDirectory D:\WorkSpace\vectordemo\src\test\resources
2026-07-07 12:40:08,314 [Worker-12: Building] INFO  o.a.m.s.f.DefaultMavenResourcesFiltering - skip non existing resourceDirectory D:\WorkSpace\vectordemo\src\main\resources
2026-07-07 12:40:08,317 [Worker-12: Building] INFO  o.a.m.s.f.DefaultMavenResourcesFiltering - skip non existing resourceDirectory D:\WorkSpace\vectordemo\src\test\resources
2026-07-07 13:01:30,210 [Worker-23: Building] INFO  o.a.m.s.f.DefaultMavenResourcesFiltering - skip non existing resourceDirectory D:\WorkSpace\vectordemo\src\main\resources
2026-07-07 13:01:30,213 [Worker-23: Building] INFO  o.a.m.s.f.DefaultMavenResourcesFiltering - skip non existing resourceDirectory D:\WorkSpace\vectordemo\src\test\resources
2026-07-07 13:10:59,718 [Worker-23: Building] INFO  o.a.m.s.f.DefaultMavenResourcesFiltering - skip non existing resourceDirectory D:\WorkSpace\vectordemo\src\main\resources
2026-07-07 13:10:59,721 [Worker-23: Building] INFO  o.a.m.s.f.DefaultMavenResourcesFiltering - skip non existing resourceDirectory D:\WorkSpace\vectordemo\src\test\resources
2026-07-07 13:12:14,895 [Worker-23: Building] INFO  o.a.m.s.f.DefaultMavenResourcesFiltering - skip non existing resourceDirectory D:\WorkSpace\vectordemo\src\main\resources
2026-07-07 13:12:14,900 [Worker-23: Building] INFO  o.a.m.s.f.DefaultMavenResourcesFiltering - skip non existing resourceDirectory D:\WorkSpace\vectordemo\src\test\resources
2026-07-07 13:12:59,271 [Worker-28: Building] INFO  o.a.m.s.f.DefaultMavenResourcesFiltering - skip non existing resourceDirectory D:\WorkSpace\vectordemo\src\main\resources
2026-07-07 13:12:59,275 [Worker-28: Building] INFO  o.a.m.s.f.DefaultMavenResourcesFiltering - skip non existing resourceDirectory D:\WorkSpace\vectordemo\src\test\resources
2026-07-07 13:13:46,047 [Worker-27: Building] INFO  o.a.m.s.f.DefaultMavenResourcesFiltering - skip non existing resourceDirectory D:\WorkSpace\vectordemo\src\main\resources
2026-07-07 13:13:46,055 [Worker-27: Building] INFO  o.a.m.s.f.DefaultMavenResourcesFiltering - skip non existing resourceDirectory D:\WorkSpace\vectordemo\src\test\resources
2026-07-07 13:14:59,860 [Worker-26: Building] INFO  o.a.m.s.f.DefaultMavenResourcesFiltering - skip non existing resourceDirectory D:\WorkSpace\vectordemo\src\main\resources
2026-07-07 13:14:59,862 [Worker-26: Building] INFO  o.a.m.s.f.DefaultMavenResourcesFiltering - skip non existing resourceDirectory D:\WorkSpace\vectordemo\src\test\resources
2026-07-07 13:15:05,229 [Worker-22: Building] INFO  o.a.m.s.f.DefaultMavenResourcesFiltering - skip non existing resourceDirectory D:\WorkSpace\vectordemo\src\main\resources
2026-07-07 13:15:05,232 [Worker-22: Building] INFO  o.a.m.s.f.DefaultMavenResourcesFiltering - skip non existing resourceDirectory D:\WorkSpace\vectordemo\src\test\resources
2026-07-07 13:25:15,751 [Worker-23: Building] INFO  o.a.m.s.f.DefaultMavenResourcesFiltering - skip non existing resourceDirectory D:\WorkSpace\vectordemo\src\main\resources
2026-07-07 13:25:15,753 [Worker-23: Building] INFO  o.a.m.s.f.DefaultMavenResourcesFiltering - skip non existing resourceDirectory D:\WorkSpace\vectordemo\src\test\resources
2026-07-07 13:25:35,424 [Worker-31: Building] INFO  o.a.m.s.f.DefaultMavenResourcesFiltering - skip non existing resourceDirectory D:\WorkSpace\vectordemo\src\main\resources
2026-07-07 13:25:35,428 [Worker-31: Building] INFO  o.a.m.s.f.DefaultMavenResourcesFiltering - skip non existing resourceDirectory D:\WorkSpace\vectordemo\src\test\resources
2026-07-07 13:25:59,948 [Worker-23: Building] INFO  o.a.m.s.f.DefaultMavenResourcesFiltering - skip non existing resourceDirectory D:\WorkSpace\vectordemo\src\main\resources
2026-07-07 13:25:59,951 [Worker-23: Building] INFO  o.a.m.s.f.DefaultMavenResourcesFiltering - skip non existing resourceDirectory D:\WorkSpace\vectordemo\src\test\resources
2026-07-07 13:30:32,125 [Worker-30: Building] INFO  o.a.m.s.f.DefaultMavenResourcesFiltering - skip non existing resourceDirectory D:\WorkSpace\vectordemo\src\main\resources
2026-07-07 13:30:32,127 [Worker-30: Building] INFO  o.a.m.s.f.DefaultMavenResourcesFiltering - skip non existing resourceDirectory D:\WorkSpace\vectordemo\src\test\resources
2026-07-07 13:31:18,568 [Worker-29: Building] INFO  o.a.m.s.f.DefaultMavenResourcesFiltering - skip non existing resourceDirectory D:\WorkSpace\vectordemo\src\main\resources
2026-07-07 13:31:18,570 [Worker-29: Building] INFO  o.a.m.s.f.DefaultMavenResourcesFiltering - skip non existing resourceDirectory D:\WorkSpace\vectordemo\src\test\resources
2026-07-07 13:31:33,894 [Worker-31: Building] INFO  o.a.m.s.f.DefaultMavenResourcesFiltering - skip non existing resourceDirectory D:\WorkSpace\vectordemo\src\main\resources
2026-07-07 13:31:33,898 [Worker-31: Building] INFO  o.a.m.s.f.DefaultMavenResourcesFiltering - skip non existing resourceDirectory D:\WorkSpace\vectordemo\src\test\resources
2026-07-07 13:39:43,656 [Worker-23: Building] INFO  o.a.m.s.f.DefaultMavenResourcesFiltering - skip non existing resourceDirectory D:\WorkSpace\vectordemo\src\main\resources
2026-07-07 13:39:43,659 [Worker-23: Building] INFO  o.a.m.s.f.DefaultMavenResourcesFiltering - skip non existing resourceDirectory D:\WorkSpace\vectordemo\src\test\resources
2026-07-07 13:46:07,091 [Worker-37: Building] INFO  o.a.m.s.f.DefaultMavenResourcesFiltering - skip non existing resourceDirectory D:\WorkSpace\vectordemo\src\main\resources
2026-07-07 13:46:07,092 [Worker-37: Building] INFO  o.a.m.s.f.DefaultMavenResourcesFiltering - skip non existing resourceDirectory D:\WorkSpace\vectordemo\src\test\resources
2026-07-07 13:46:45,072 [Worker-32: Building] INFO  o.a.m.s.f.DefaultMavenResourcesFiltering - skip non existing resourceDirectory D:\WorkSpace\vectordemo\src\main\resources
2026-07-07 13:46:45,074 [Worker-32: Building] INFO  o.a.m.s.f.DefaultMavenResourcesFiltering - skip non existing resourceDirectory D:\WorkSpace\vectordemo\src\test\resources
2026-07-07 13:47:30,347 [Worker-32: Building] INFO  o.a.m.s.f.DefaultMavenResourcesFiltering - skip non existing resourceDirectory D:\WorkSpace\vectordemo\src\main\resources
2026-07-07 13:47:30,349 [Worker-32: Building] INFO  o.a.m.s.f.DefaultMavenResourcesFiltering - skip non existing resourceDirectory D:\WorkSpace\vectordemo\src\test\resources
2026-07-07 13:47:43,477 [Worker-39: Building] INFO  o.a.m.s.f.DefaultMavenResourcesFiltering - skip non existing resourceDirectory D:\WorkSpace\vectordemo\src\main\resources
2026-07-07 13:47:43,479 [Worker-39: Building] INFO  o.a.m.s.f.DefaultMavenResourcesFiltering - skip non existing resourceDirectory D:\WorkSpace\vectordemo\src\test\resources
2026-07-07 13:47:57,231 [Worker-23: Building] INFO  o.a.m.s.f.DefaultMavenResourcesFiltering - skip non existing resourceDirectory D:\WorkSpace\vectordemo\src\main\resources
2026-07-07 13:47:57,233 [Worker-23: Building] INFO  o.a.m.s.f.DefaultMavenResourcesFiltering - skip non existing resourceDirectory D:\WorkSpace\vectordemo\src\test\resources
2026-07-07 13:55:15,893 [Worker-32: Building] INFO  o.a.m.s.f.DefaultMavenResourcesFiltering - skip non existing resourceDirectory D:\WorkSpace\vectordemo\src\main\resources
2026-07-07 13:55:15,895 [Worker-32: Building] INFO  o.a.m.s.f.DefaultMavenResourcesFiltering - skip non existing resourceDirectory D:\WorkSpace\vectordemo\src\test\resources
2026-07-07 13:55:27,569 [Worker-41: Building] INFO  o.a.m.s.f.DefaultMavenResourcesFiltering - skip non existing resourceDirectory D:\WorkSpace\vectordemo\src\main\resources
2026-07-07 13:55:27,571 [Worker-41: Building] INFO  o.a.m.s.f.DefaultMavenResourcesFiltering - skip non existing resourceDirectory D:\WorkSpace\vectordemo\src\test\resources
2026-07-07 14:01:47,322 [Worker-43: Building] INFO  o.a.m.s.f.DefaultMavenResourcesFiltering - skip non existing resourceDirectory D:\WorkSpace\vectordemo\src\main\resources
2026-07-07 14:01:47,325 [Worker-43: Building] INFO  o.a.m.s.f.DefaultMavenResourcesFiltering - skip non existing resourceDirectory D:\WorkSpace\vectordemo\src\test\resources
2026-07-07 14:13:11,949 [Worker-48: Building] INFO  o.a.m.s.f.DefaultMavenResourcesFiltering - skip non existing resourceDirectory D:\WorkSpace\vectordemo\src\main\resources
2026-07-07 14:13:11,953 [Worker-48: Building] INFO  o.a.m.s.f.DefaultMavenResourcesFiltering - skip non existing resourceDirectory D:\WorkSpace\vectordemo\src\test\resources
2026-07-07 14:17:00,187 [Worker-52: Building] INFO  o.a.m.s.f.DefaultMavenResourcesFiltering - skip non existing resourceDirectory D:\WorkSpace\vectordemo\src\main\resources
2026-07-07 14:17:00,190 [Worker-52: Building] INFO  o.a.m.s.f.DefaultMavenResourcesFiltering - skip non existing resourceDirectory D:\WorkSpace\vectordemo\src\test\resources
2026-07-07 14:18:39,116 [Worker-53: Building] INFO  o.a.m.s.f.DefaultMavenResourcesFiltering - skip non existing resourceDirectory D:\WorkSpace\vectordemo\src\main\resources
2026-07-07 14:18:39,119 [Worker-53: Building] INFO  o.a.m.s.f.DefaultMavenResourcesFiltering - skip non existing resourceDirectory D:\WorkSpace\vectordemo\src\test\resources
2026-07-07 14:19:24,272 [Worker-51: Building] INFO  o.a.m.s.f.DefaultMavenResourcesFiltering - skip non existing resourceDirectory D:\WorkSpace\vectordemo\src\main\resources
2026-07-07 14:19:24,276 [Worker-51: Building] INFO  o.a.m.s.f.DefaultMavenResourcesFiltering - skip non existing resourceDirectory D:\WorkSpace\vectordemo\src\test\resources
2026-07-07 14:23:22,835 [Worker-48: Building] INFO  o.a.m.s.f.DefaultMavenResourcesFiltering - skip non existing resourceDirectory D:\WorkSpace\vectordemo\src\main\resources
2026-07-07 14:23:22,837 [Worker-48: Building] INFO  o.a.m.s.f.DefaultMavenResourcesFiltering - skip non existing resourceDirectory D:\WorkSpace\vectordemo\src\test\resources
2026-07-07 14:23:27,961 [Worker-52: Building] INFO  o.a.m.s.f.DefaultMavenResourcesFiltering - skip non existing resourceDirectory D:\WorkSpace\vectordemo\src\main\resources
2026-07-07 14:23:27,962 [Worker-52: Building] INFO  o.a.m.s.f.DefaultMavenResourcesFiltering - skip non existing resourceDirectory D:\WorkSpace\vectordemo\src\test\resources
2026-07-07 14:23:56,294 [Worker-55: Building] INFO  o.a.m.s.f.DefaultMavenResourcesFiltering - skip non existing resourceDirectory D:\WorkSpace\vectordemo\src\main\resources
2026-07-07 14:23:56,297 [Worker-55: Building] INFO  o.a.m.s.f.DefaultMavenResourcesFiltering - skip non existing resourceDirectory D:\WorkSpace\vectordemo\src\test\resources
2026-07-07 14:26:22,208 [Worker-48: Building] INFO  o.a.m.s.f.DefaultMavenResourcesFiltering - skip non existing resourceDirectory D:\WorkSpace\vectordemo\src\main\resources
2026-07-07 14:26:22,210 [Worker-48: Building] INFO  o.a.m.s.f.DefaultMavenResourcesFiltering - skip non existing resourceDirectory D:\WorkSpace\vectordemo\src\test\resources
2026-07-07 14:28:32,358 [Worker-55: Building] INFO  o.a.m.s.f.DefaultMavenResourcesFiltering - skip non existing resourceDirectory D:\WorkSpace\vectordemo\src\main\resources
2026-07-07 14:28:32,360 [Worker-55: Building] INFO  o.a.m.s.f.DefaultMavenResourcesFiltering - skip non existing resourceDirectory D:\WorkSpace\vectordemo\src\test\resources
2026-07-07 14:30:01,132 [Worker-56: Building] INFO  o.a.m.s.f.DefaultMavenResourcesFiltering - skip non existing resourceDirectory D:\WorkSpace\vectordemo\src\main\resources
2026-07-07 14:30:01,133 [Worker-56: Building] INFO  o.a.m.s.f.DefaultMavenResourcesFiltering - skip non existing resourceDirectory D:\WorkSpace\vectordemo\src\test\resources
2026-07-07 14:33:07,936 [Worker-55: Building] INFO  o.a.m.s.f.DefaultMavenResourcesFiltering - skip non existing resourceDirectory D:\WorkSpace\vectordemo\src\main\resources
2026-07-07 14:33:07,938 [Worker-55: Building] INFO  o.a.m.s.f.DefaultMavenResourcesFiltering - skip non existing resourceDirectory D:\WorkSpace\vectordemo\src\test\resources
2026-07-07 14:33:30,117 [Worker-57: Building] INFO  o.a.m.s.f.DefaultMavenResourcesFiltering - skip non existing resourceDirectory D:\WorkSpace\vectordemo\src\main\resources
2026-07-07 14:33:30,118 [Worker-57: Building] INFO  o.a.m.s.f.DefaultMavenResourcesFiltering - skip non existing resourceDirectory D:\WorkSpace\vectordemo\src\test\resources
2026-07-07 14:34:04,948 [Worker-54: Building] INFO  o.a.m.s.f.DefaultMavenResourcesFiltering - skip non existing resourceDirectory D:\WorkSpace\vectordemo\src\main\resources
2026-07-07 14:34:04,950 [Worker-54: Building] INFO  o.a.m.s.f.DefaultMavenResourcesFiltering - skip non existing resourceDirectory D:\WorkSpace\vectordemo\src\test\resources
2026-07-07 14:34:10,945 [Worker-54: Building] INFO  o.a.m.s.f.DefaultMavenResourcesFiltering - skip non existing resourceDirectory D:\WorkSpace\vectordemo\src\main\resources
2026-07-07 14:34:10,945 [Worker-54: Building] INFO  o.a.m.s.f.DefaultMavenResourcesFiltering - skip non existing resourceDirectory D:\WorkSpace\vectordemo\src\test\resources
2026-07-08 10:11:50,779 [Worker-5: Loading available Gradle versions] INFO  o.e.b.c.i.u.g.PublishedGradleVersions - Gradle version information cache is out-of-date. Trying to update.
2026-07-08 10:13:38,143 [Worker-0: Building] INFO  o.a.m.s.f.DefaultMavenResourcesFiltering - skip non existing resourceDirectory D:\WorkSpace\vectordemo\src\main\resources
2026-07-08 10:13:38,147 [Worker-0: Building] INFO  o.a.m.s.f.DefaultMavenResourcesFiltering - skip non existing resourceDirectory D:\WorkSpace\vectordemo\src\test\resources
2026-07-08 10:15:21,032 [Worker-17: Building] INFO  o.a.m.s.f.DefaultMavenResourcesFiltering - skip non existing resourceDirectory D:\WorkSpace\vectordemo\src\main\resources
2026-07-08 10:15:21,034 [Worker-17: Building] INFO  o.a.m.s.f.DefaultMavenResourcesFiltering - skip non existing resourceDirectory D:\WorkSpace\vectordemo\src\test\resources
2026-07-08 10:15:43,132 [Worker-10: Building] INFO  o.a.m.s.f.DefaultMavenResourcesFiltering - skip non existing resourceDirectory D:\WorkSpace\vectordemo\src\main\resources
2026-07-08 10:15:43,134 [Worker-10: Building] INFO  o.a.m.s.f.DefaultMavenResourcesFiltering - skip non existing resourceDirectory D:\WorkSpace\vectordemo\src\test\resources
2026-07-08 10:15:50,412 [Worker-7: Building] INFO  o.a.m.s.f.DefaultMavenResourcesFiltering - skip non existing resourceDirectory D:\WorkSpace\vectordemo\src\main\resources
2026-07-08 10:15:50,415 [Worker-7: Building] INFO  o.a.m.s.f.DefaultMavenResourcesFiltering - skip non existing resourceDirectory D:\WorkSpace\vectordemo\src\test\resources
2026-07-08 10:18:51,949 [Worker-0: Launching mavenrun-fcacfb77-1ade-4999-852b-8ea26f87ef77] INFO  o.eclipse.m2e.core.internal.Bundles - getClasspathEntries(Bundle=org.eclipse.m2e.maven.runtime_3.9.500.20231113-2345 [629])
2026-07-08 10:18:51,952 [Worker-0: Launching mavenrun-fcacfb77-1ade-4999-852b-8ea26f87ef77] INFO  o.eclipse.m2e.core.internal.Bundles - 	Entry: C:\eclipse-jee-2023-12-R-win32-x86_64\eclipse\plugins\org.eclipse.m2e.maven.runtime_3.9.500.20231113-2345
2026-07-08 10:18:51,952 [Worker-0: Launching mavenrun-fcacfb77-1ade-4999-852b-8ea26f87ef77] INFO  o.eclipse.m2e.core.internal.Bundles - 	Entry: C:\eclipse-jee-2023-12-R-win32-x86_64\eclipse\plugins\org.eclipse.m2e.maven.runtime_3.9.500.20231113-2345\jars\aopalliance-1.0.jar
2026-07-08 10:18:51,952 [Worker-0: Launching mavenrun-fcacfb77-1ade-4999-852b-8ea26f87ef77] INFO  o.eclipse.m2e.core.internal.Bundles - 	Entry: C:\eclipse-jee-2023-12-R-win32-x86_64\eclipse\plugins\org.eclipse.m2e.maven.runtime_3.9.500.20231113-2345\jars\guice-5.1.0.jar
2026-07-08 10:18:51,953 [Worker-0: Launching mavenrun-fcacfb77-1ade-4999-852b-8ea26f87ef77] INFO  o.eclipse.m2e.core.internal.Bundles - 	Entry: C:\eclipse-jee-2023-12-R-win32-x86_64\eclipse\plugins\org.eclipse.m2e.maven.runtime_3.9.500.20231113-2345\jars\httpclient-4.5.14.jar
2026-07-08 10:18:51,953 [Worker-0: Launching mavenrun-fcacfb77-1ade-4999-852b-8ea26f87ef77] INFO  o.eclipse.m2e.core.internal.Bundles - 	Entry: C:\eclipse-jee-2023-12-R-win32-x86_64\eclipse\plugins\org.eclipse.m2e.maven.runtime_3.9.500.20231113-2345\jars\httpcore-4.4.16.jar
2026-07-08 10:18:51,953 [Worker-0: Launching mavenrun-fcacfb77-1ade-4999-852b-8ea26f87ef77] INFO  o.eclipse.m2e.core.internal.Bundles - 	Entry: C:\eclipse-jee-2023-12-R-win32-x86_64\eclipse\plugins\org.eclipse.m2e.maven.runtime_3.9.500.20231113-2345\jars\jansi-2.4.0.jar
2026-07-08 10:18:51,954 [Worker-0: Launching mavenrun-fcacfb77-1ade-4999-852b-8ea26f87ef77] INFO  o.eclipse.m2e.core.internal.Bundles - 	Entry: C:\eclipse-jee-2023-12-R-win32-x86_64\eclipse\plugins\org.eclipse.m2e.maven.runtime_3.9.500.20231113-2345\jars\jcl-over-slf4j-1.7.36.jar
2026-07-08 10:18:51,954 [Worker-0: Launching mavenrun-fcacfb77-1ade-4999-852b-8ea26f87ef77] INFO  o.eclipse.m2e.core.internal.Bundles - 	Entry: C:\eclipse-jee-2023-12-R-win32-x86_64\eclipse\plugins\org.eclipse.m2e.maven.runtime_3.9.500.20231113-2345\jars\maven-artifact-3.9.5.jar
2026-07-08 10:18:51,954 [Worker-0: Launching mavenrun-fcacfb77-1ade-4999-852b-8ea26f87ef77] INFO  o.eclipse.m2e.core.internal.Bundles - 	Entry: C:\eclipse-jee-2023-12-R-win32-x86_64\eclipse\plugins\org.eclipse.m2e.maven.runtime_3.9.500.20231113-2345\jars\maven-builder-support-3.9.5.jar
2026-07-08 10:18:51,954 [Worker-0: Launching mavenrun-fcacfb77-1ade-4999-852b-8ea26f87ef77] INFO  o.eclipse.m2e.core.internal.Bundles - 	Entry: C:\eclipse-jee-2023-12-R-win32-x86_64\eclipse\plugins\org.eclipse.m2e.maven.runtime_3.9.500.20231113-2345\jars\maven-compat-3.9.5.jar
2026-07-08 10:18:51,954 [Worker-0: Launching mavenrun-fcacfb77-1ade-4999-852b-8ea26f87ef77] INFO  o.eclipse.m2e.core.internal.Bundles - 	Entry: C:\eclipse-jee-2023-12-R-win32-x86_64\eclipse\plugins\org.eclipse.m2e.maven.runtime_3.9.500.20231113-2345\jars\maven-core-3.9.5.jar
2026-07-08 10:18:51,955 [Worker-0: Launching mavenrun-fcacfb77-1ade-4999-852b-8ea26f87ef77] INFO  o.eclipse.m2e.core.internal.Bundles - 	Entry: C:\eclipse-jee-2023-12-R-win32-x86_64\eclipse\plugins\org.eclipse.m2e.maven.runtime_3.9.500.20231113-2345\jars\maven-embedder-3.9.5.jar
2026-07-08 10:18:51,955 [Worker-0: Launching mavenrun-fcacfb77-1ade-4999-852b-8ea26f87ef77] INFO  o.eclipse.m2e.core.internal.Bundles - 	Entry: C:\eclipse-jee-2023-12-R-win32-x86_64\eclipse\plugins\org.eclipse.m2e.maven.runtime_3.9.500.20231113-2345\jars\maven-model-3.9.5.jar
2026-07-08 10:18:51,955 [Worker-0: Launching mavenrun-fcacfb77-1ade-4999-852b-8ea26f87ef77] INFO  o.eclipse.m2e.core.internal.Bundles - 	Entry: C:\eclipse-jee-2023-12-R-win32-x86_64\eclipse\plugins\org.eclipse.m2e.maven.runtime_3.9.500.20231113-2345\jars\maven-model-builder-3.9.5.jar
2026-07-08 10:18:51,955 [Worker-0: Launching mavenrun-fcacfb77-1ade-4999-852b-8ea26f87ef77] INFO  o.eclipse.m2e.core.internal.Bundles - 	Entry: C:\eclipse-jee-2023-12-R-win32-x86_64\eclipse\plugins\org.eclipse.m2e.maven.runtime_3.9.500.20231113-2345\jars\maven-plugin-api-3.9.5.jar
2026-07-08 10:18:51,956 [Worker-0: Launching mavenrun-fcacfb77-1ade-4999-852b-8ea26f87ef77] INFO  o.eclipse.m2e.core.internal.Bundles - 	Entry: C:\eclipse-jee-2023-12-R-win32-x86_64\eclipse\plugins\org.eclipse.m2e.maven.runtime_3.9.500.20231113-2345\jars\maven-repository-metadata-3.9.5.jar
2026-07-08 10:18:51,956 [Worker-0: Launching mavenrun-fcacfb77-1ade-4999-852b-8ea26f87ef77] INFO  o.eclipse.m2e.core.internal.Bundles - 	Entry: C:\eclipse-jee-2023-12-R-win32-x86_64\eclipse\plugins\org.eclipse.m2e.maven.runtime_3.9.500.20231113-2345\jars\maven-resolver-api-1.9.16.jar
2026-07-08 10:18:51,956 [Worker-0: Launching mavenrun-fcacfb77-1ade-4999-852b-8ea26f87ef77] INFO  o.eclipse.m2e.core.internal.Bundles - 	Entry: C:\eclipse-jee-2023-12-R-win32-x86_64\eclipse\plugins\org.eclipse.m2e.maven.runtime_3.9.500.20231113-2345\jars\maven-resolver-connector-basic-1.9.16.jar
2026-07-08 10:18:51,956 [Worker-0: Launching mavenrun-fcacfb77-1ade-4999-852b-8ea26f87ef77] INFO  o.eclipse.m2e.core.internal.Bundles - 	Entry: C:\eclipse-jee-2023-12-R-win32-x86_64\eclipse\plugins\org.eclipse.m2e.maven.runtime_3.9.500.20231113-2345\jars\maven-resolver-impl-1.9.16.jar
2026-07-08 10:18:51,957 [Worker-0: Launching mavenrun-fcacfb77-1ade-4999-852b-8ea26f87ef77] INFO  o.eclipse.m2e.core.internal.Bundles - 	Entry: C:\eclipse-jee-2023-12-R-win32-x86_64\eclipse\plugins\org.eclipse.m2e.maven.runtime_3.9.500.20231113-2345\jars\maven-resolver-named-locks-1.9.16.jar
2026-07-08 10:18:51,957 [Worker-0: Launching mavenrun-fcacfb77-1ade-4999-852b-8ea26f87ef77] INFO  o.eclipse.m2e.core.internal.Bundles - 	Entry: C:\eclipse-jee-2023-12-R-win32-x86_64\eclipse\plugins\org.eclipse.m2e.maven.runtime_3.9.500.20231113-2345\jars\maven-resolver-provider-3.9.5.jar
2026-07-08 10:18:51,957 [Worker-0: Launching mavenrun-fcacfb77-1ade-4999-852b-8ea26f87ef77] INFO  o.eclipse.m2e.core.internal.Bundles - 	Entry: C:\eclipse-jee-2023-12-R-win32-x86_64\eclipse\plugins\org.eclipse.m2e.maven.runtime_3.9.500.20231113-2345\jars\maven-resolver-spi-1.9.16.jar
2026-07-08 10:18:51,958 [Worker-0: Launching mavenrun-fcacfb77-1ade-4999-852b-8ea26f87ef77] INFO  o.eclipse.m2e.core.internal.Bundles - 	Entry: C:\eclipse-jee-2023-12-R-win32-x86_64\eclipse\plugins\org.eclipse.m2e.maven.runtime_3.9.500.20231113-2345\jars\maven-resolver-transport-file-1.9.16.jar
2026-07-08 10:18:51,958 [Worker-0: Launching mavenrun-fcacfb77-1ade-4999-852b-8ea26f87ef77] INFO  o.eclipse.m2e.core.internal.Bundles - 	Entry: C:\eclipse-jee-2023-12-R-win32-x86_64\eclipse\plugins\org.eclipse.m2e.maven.runtime_3.9.500.20231113-2345\jars\maven-resolver-transport-http-1.9.16.jar
2026-07-08 10:18:51,958 [Worker-0: Launching mavenrun-fcacfb77-1ade-4999-852b-8ea26f87ef77] INFO  o.eclipse.m2e.core.internal.Bundles - 	Entry: C:\eclipse-jee-2023-12-R-win32-x86_64\eclipse\plugins\org.eclipse.m2e.maven.runtime_3.9.500.20231113-2345\jars\maven-resolver-transport-wagon-1.9.16.jar
2026-07-08 10:18:51,958 [Worker-0: Launching mavenrun-fcacfb77-1ade-4999-852b-8ea26f87ef77] INFO  o.eclipse.m2e.core.internal.Bundles - 	Entry: C:\eclipse-jee-2023-12-R-win32-x86_64\eclipse\plugins\org.eclipse.m2e.maven.runtime_3.9.500.20231113-2345\jars\maven-resolver-util-1.9.16.jar
2026-07-08 10:18:51,959 [Worker-0: Launching mavenrun-fcacfb77-1ade-4999-852b-8ea26f87ef77] INFO  o.eclipse.m2e.core.internal.Bundles - 	Entry: C:\eclipse-jee-2023-12-R-win32-x86_64\eclipse\plugins\org.eclipse.m2e.maven.runtime_3.9.500.20231113-2345\jars\maven-settings-3.9.5.jar
2026-07-08 10:18:51,959 [Worker-0: Launching mavenrun-fcacfb77-1ade-4999-852b-8ea26f87ef77] INFO  o.eclipse.m2e.core.internal.Bundles - 	Entry: C:\eclipse-jee-2023-12-R-win32-x86_64\eclipse\plugins\org.eclipse.m2e.maven.runtime_3.9.500.20231113-2345\jars\maven-settings-builder-3.9.5.jar
2026-07-08 10:18:51,960 [Worker-0: Launching mavenrun-fcacfb77-1ade-4999-852b-8ea26f87ef77] INFO  o.eclipse.m2e.core.internal.Bundles - 	Entry: C:\eclipse-jee-2023-12-R-win32-x86_64\eclipse\plugins\org.eclipse.m2e.maven.runtime_3.9.500.20231113-2345\jars\maven-shared-utils-3.3.4.jar
2026-07-08 10:18:51,961 [Worker-0: Launching mavenrun-fcacfb77-1ade-4999-852b-8ea26f87ef77] INFO  o.eclipse.m2e.core.internal.Bundles - 	Entry: C:\eclipse-jee-2023-12-R-win32-x86_64\eclipse\plugins\org.eclipse.m2e.maven.runtime_3.9.500.20231113-2345\jars\org.eclipse.sisu.inject-0.3.5.jar
2026-07-08 10:18:51,963 [Worker-0: Launching mavenrun-fcacfb77-1ade-4999-852b-8ea26f87ef77] INFO  o.eclipse.m2e.core.internal.Bundles - 	Entry: C:\eclipse-jee-2023-12-R-win32-x86_64\eclipse\plugins\org.eclipse.m2e.maven.runtime_3.9.500.20231113-2345\jars\org.eclipse.sisu.plexus-0.3.5.jar
2026-07-08 10:18:51,964 [Worker-0: Launching mavenrun-fcacfb77-1ade-4999-852b-8ea26f87ef77] INFO  o.eclipse.m2e.core.internal.Bundles - 	Entry: C:\eclipse-jee-2023-12-R-win32-x86_64\eclipse\plugins\org.eclipse.m2e.maven.runtime_3.9.500.20231113-2345\jars\plexus-build-api-0.0.7.jar
2026-07-08 10:18:51,964 [Worker-0: Launching mavenrun-fcacfb77-1ade-4999-852b-8ea26f87ef77] INFO  o.eclipse.m2e.core.internal.Bundles - 	Entry: C:\eclipse-jee-2023-12-R-win32-x86_64\eclipse\plugins\org.eclipse.m2e.maven.runtime_3.9.500.20231113-2345\jars\plexus-cipher-2.0.jar
2026-07-08 10:18:51,964 [Worker-0: Launching mavenrun-fcacfb77-1ade-4999-852b-8ea26f87ef77] INFO  o.eclipse.m2e.core.internal.Bundles - 	Entry: C:\eclipse-jee-2023-12-R-win32-x86_64\eclipse\plugins\org.eclipse.m2e.maven.runtime_3.9.500.20231113-2345\jars\plexus-classworlds-2.7.0.jar
2026-07-08 10:18:51,966 [Worker-0: Launching mavenrun-fcacfb77-1ade-4999-852b-8ea26f87ef77] INFO  o.eclipse.m2e.core.internal.Bundles - 	Entry: C:\eclipse-jee-2023-12-R-win32-x86_64\eclipse\plugins\org.eclipse.m2e.maven.runtime_3.9.500.20231113-2345\jars\plexus-component-annotations-2.1.0.jar
2026-07-08 10:18:51,966 [Worker-0: Launching mavenrun-fcacfb77-1ade-4999-852b-8ea26f87ef77] INFO  o.eclipse.m2e.core.internal.Bundles - 	Entry: C:\eclipse-jee-2023-12-R-win32-x86_64\eclipse\plugins\org.eclipse.m2e.maven.runtime_3.9.500.20231113-2345\jars\plexus-interpolation-1.26.jar
2026-07-08 10:18:51,966 [Worker-0: Launching mavenrun-fcacfb77-1ade-4999-852b-8ea26f87ef77] INFO  o.eclipse.m2e.core.internal.Bundles - 	Entry: C:\eclipse-jee-2023-12-R-win32-x86_64\eclipse\plugins\org.eclipse.m2e.maven.runtime_3.9.500.20231113-2345\jars\plexus-sec-dispatcher-2.0.jar
2026-07-08 10:18:51,966 [Worker-0: Launching mavenrun-fcacfb77-1ade-4999-852b-8ea26f87ef77] INFO  o.eclipse.m2e.core.internal.Bundles - 	Entry: C:\eclipse-jee-2023-12-R-win32-x86_64\eclipse\plugins\org.eclipse.m2e.maven.runtime_3.9.500.20231113-2345\jars\plexus-utils-3.5.1.jar
2026-07-08 10:18:51,966 [Worker-0: Launching mavenrun-fcacfb77-1ade-4999-852b-8ea26f87ef77] INFO  o.eclipse.m2e.core.internal.Bundles - 	Entry: C:\eclipse-jee-2023-12-R-win32-x86_64\eclipse\plugins\org.eclipse.m2e.maven.runtime_3.9.500.20231113-2345\jars\wagon-file-3.5.3.jar
2026-07-08 10:18:51,966 [Worker-0: Launching mavenrun-fcacfb77-1ade-4999-852b-8ea26f87ef77] INFO  o.eclipse.m2e.core.internal.Bundles - 	Entry: C:\eclipse-jee-2023-12-R-win32-x86_64\eclipse\plugins\org.eclipse.m2e.maven.runtime_3.9.500.20231113-2345\jars\wagon-http-3.5.3.jar
2026-07-08 10:18:51,967 [Worker-0: Launching mavenrun-fcacfb77-1ade-4999-852b-8ea26f87ef77] INFO  o.eclipse.m2e.core.internal.Bundles - 	Entry: C:\eclipse-jee-2023-12-R-win32-x86_64\eclipse\plugins\org.eclipse.m2e.maven.runtime_3.9.500.20231113-2345\jars\wagon-http-shared-3.5.3.jar
2026-07-08 10:18:51,967 [Worker-0: Launching mavenrun-fcacfb77-1ade-4999-852b-8ea26f87ef77] INFO  o.eclipse.m2e.core.internal.Bundles - 	Entry: C:\eclipse-jee-2023-12-R-win32-x86_64\eclipse\plugins\org.eclipse.m2e.maven.runtime_3.9.500.20231113-2345\jars\wagon-provider-api-3.5.3.jar
2026-07-08 10:18:51,969 [Worker-0: Launching mavenrun-fcacfb77-1ade-4999-852b-8ea26f87ef77] INFO  o.eclipse.m2e.core.internal.Bundles - getClasspathEntries(Bundle=com.google.guava_32.1.3.jre [12])
2026-07-08 10:18:51,969 [Worker-0: Launching mavenrun-fcacfb77-1ade-4999-852b-8ea26f87ef77] INFO  o.eclipse.m2e.core.internal.Bundles - 	Entry: C:\eclipse-jee-2023-12-R-win32-x86_64\eclipse\plugins\com.google.guava_32.1.3.jre.jar
2026-07-08 10:18:51,969 [Worker-0: Launching mavenrun-fcacfb77-1ade-4999-852b-8ea26f87ef77] INFO  o.eclipse.m2e.core.internal.Bundles - getClasspathEntries(Bundle=slf4j.api_2.0.9 [989])
2026-07-08 10:18:51,970 [Worker-0: Launching mavenrun-fcacfb77-1ade-4999-852b-8ea26f87ef77] INFO  o.eclipse.m2e.core.internal.Bundles - 	Entry: C:\eclipse-jee-2023-12-R-win32-x86_64\eclipse\plugins\slf4j.api_2.0.9.jar
2026-07-08 10:18:51,970 [Worker-0: Launching mavenrun-fcacfb77-1ade-4999-852b-8ea26f87ef77] INFO  o.eclipse.m2e.core.internal.Bundles - getClasspathEntries(Bundle=jakarta.inject.jakarta.inject-api_1.0.5 [29])
2026-07-08 10:18:51,970 [Worker-0: Launching mavenrun-fcacfb77-1ade-4999-852b-8ea26f87ef77] INFO  o.eclipse.m2e.core.internal.Bundles - 	Entry: C:\eclipse-jee-2023-12-R-win32-x86_64\eclipse\plugins\jakarta.inject.jakarta.inject-api_1.0.5.jar
2026-07-08 10:18:51,970 [Worker-0: Launching mavenrun-fcacfb77-1ade-4999-852b-8ea26f87ef77] INFO  o.eclipse.m2e.core.internal.Bundles - getClasspathEntries(Bundle=jakarta.annotation-api_1.3.5 [24])
2026-07-08 10:18:51,971 [Worker-0: Launching mavenrun-fcacfb77-1ade-4999-852b-8ea26f87ef77] INFO  o.eclipse.m2e.core.internal.Bundles - 	Entry: C:\eclipse-jee-2023-12-R-win32-x86_64\eclipse\plugins\jakarta.annotation-api_1.3.5.jar
2026-07-08 10:18:51,971 [Worker-0: Launching mavenrun-fcacfb77-1ade-4999-852b-8ea26f87ef77] INFO  o.eclipse.m2e.core.internal.Bundles - getClasspathEntries(Bundle=org.apache.commons.cli_1.6.0 [71])
2026-07-08 10:18:51,972 [Worker-0: Launching mavenrun-fcacfb77-1ade-4999-852b-8ea26f87ef77] INFO  o.eclipse.m2e.core.internal.Bundles - 	Entry: C:\eclipse-jee-2023-12-R-win32-x86_64\eclipse\plugins\org.apache.commons.cli_1.6.0.jar
2026-07-08 10:18:51,972 [Worker-0: Launching mavenrun-fcacfb77-1ade-4999-852b-8ea26f87ef77] INFO  o.eclipse.m2e.core.internal.Bundles - getClasspathEntries(Bundle=org.apache.commons.commons-codec_1.16.0 [75])
2026-07-08 10:18:51,972 [Worker-0: Launching mavenrun-fcacfb77-1ade-4999-852b-8ea26f87ef77] INFO  o.eclipse.m2e.core.internal.Bundles - 	Entry: C:\eclipse-jee-2023-12-R-win32-x86_64\eclipse\plugins\org.apache.commons.commons-codec_1.16.0.jar
2026-07-08 10:18:51,972 [Worker-0: Launching mavenrun-fcacfb77-1ade-4999-852b-8ea26f87ef77] INFO  o.eclipse.m2e.core.internal.Bundles - getClasspathEntries(Bundle=org.apache.commons.lang3_3.13.0 [82])
2026-07-08 10:18:51,973 [Worker-0: Launching mavenrun-fcacfb77-1ade-4999-852b-8ea26f87ef77] INFO  o.eclipse.m2e.core.internal.Bundles - 	Entry: C:\eclipse-jee-2023-12-R-win32-x86_64\eclipse\plugins\org.apache.commons.lang3_3.13.0.jar
2026-07-08 10:18:51,974 [Worker-0: Launching mavenrun-fcacfb77-1ade-4999-852b-8ea26f87ef77] INFO  o.eclipse.m2e.core.internal.Bundles - getClasspathEntries(Bundle=com.google.guava.failureaccess_1.0.2 [13])
2026-07-08 10:18:51,976 [Worker-0: Launching mavenrun-fcacfb77-1ade-4999-852b-8ea26f87ef77] INFO  o.eclipse.m2e.core.internal.Bundles - 	Entry: C:\eclipse-jee-2023-12-R-win32-x86_64\eclipse\plugins\com.google.guava.failureaccess_1.0.2.jar
2026-07-08 10:18:51,983 [Worker-0: Launching mavenrun-fcacfb77-1ade-4999-852b-8ea26f87ef77] INFO  o.e.m.i.launch.MavenLaunchDelegate - Run build in "C:\Users\boras\AppData\Local\Temp\m2e-archetypeGenerator10332815832526392157":
2026-07-08 10:18:51,985 [Worker-0: Launching mavenrun-fcacfb77-1ade-4999-852b-8ea26f87ef77] INFO  o.e.m.i.launch.MavenLaunchDelegate -  mvn  -DarchetypeGroupId=org.apache.maven.archetypes -DarchetypeArtifactId=maven-archetype-quickstart -DarchetypeVersion=1.4 -DgroupId=DSA -DartifactId=StackDemo -Dversion=0.0.1-SNAPSHOT -Dpackage=DSA.StackDemo -DoutputDirectory=D:\WorkSpace -Dstyle.color=always -U archetype:generate
2026-07-08 10:19:04,749 [Worker-2: Creating maven-archetype-quickstart] INFO  o.e.m.c.i.p.ProjectConfigurationManager - Collecting project info '/pom.xml' D:\WorkSpace\StackDemo\pom.xml
2026-07-08 10:19:08,261 [Worker-2: Creating maven-archetype-quickstart] INFO  o.e.m.c.i.l.LifecycleMappingFactory - Using org.eclipse.m2e.jdt.JarLifecycleMapping lifecycle mapping for MavenProject: DSA:StackDemo:0.0.1-SNAPSHOT @ D:\WorkSpace\StackDemo\pom.xml.
2026-07-08 10:19:09,856 [Worker-2: Creating maven-archetype-quickstart] INFO  o.e.m.j.i.AbstractJavaProjectConfigurator - Adding source folder /StackDemo/src/main/java
2026-07-08 10:19:09,857 [Worker-2: Creating maven-archetype-quickstart] INFO  o.e.m.j.i.AbstractJavaProjectConfigurator - Adding resource folder /StackDemo/src/main/resources
2026-07-08 10:19:09,861 [Worker-2: Creating maven-archetype-quickstart] INFO  o.e.m.j.i.AbstractJavaProjectConfigurator - Adding source folder /StackDemo/src/test/java
2026-07-08 10:19:09,862 [Worker-2: Creating maven-archetype-quickstart] INFO  o.e.m.j.i.AbstractJavaProjectConfigurator - Adding resource folder /StackDemo/src/test/resources
2026-07-08 10:19:09,945 [Worker-2: Creating maven-archetype-quickstart] INFO  o.e.m.c.i.p.ProjectConfigurationManager - Imported and configured 1 project(s) in 5 sec
2026-07-08 10:19:10,137 [Worker-0: Building] INFO  o.e.m.c.i.embedder.EclipseLogger - Using 'UTF-8' encoding to copy filtered resources.
2026-07-08 10:19:10,137 [Worker-0: Building] INFO  o.e.m.c.i.embedder.EclipseLogger - skip non existing resourceDirectory D:\WorkSpace\StackDemo\src\main\resources
2026-07-08 10:19:10,140 [Worker-0: Building] INFO  o.e.m.c.i.embedder.EclipseLogger - Using 'UTF-8' encoding to copy filtered resources.
2026-07-08 10:19:10,140 [Worker-0: Building] INFO  o.e.m.c.i.embedder.EclipseLogger - skip non existing resourceDirectory D:\WorkSpace\StackDemo\src\test\resources
2026-07-08 10:21:41,632 [Worker-26: Building] INFO  o.e.m.c.i.embedder.EclipseLogger - Using 'UTF-8' encoding to copy filtered resources.
2026-07-08 10:21:41,632 [Worker-26: Building] INFO  o.e.m.c.i.embedder.EclipseLogger - skip non existing resourceDirectory D:\WorkSpace\StackDemo\src\main\resources
2026-07-08 10:21:41,637 [Worker-26: Building] INFO  o.e.m.c.i.embedder.EclipseLogger - Using 'UTF-8' encoding to copy filtered resources.
2026-07-08 10:21:41,638 [Worker-26: Building] INFO  o.e.m.c.i.embedder.EclipseLogger - skip non existing resourceDirectory D:\WorkSpace\StackDemo\src\test\resources
2026-07-08 10:24:25,641 [Worker-2: Building] INFO  o.e.m.c.i.embedder.EclipseLogger - Using 'UTF-8' encoding to copy filtered resources.
2026-07-08 10:24:25,641 [Worker-2: Building] INFO  o.e.m.c.i.embedder.EclipseLogger - skip non existing resourceDirectory D:\WorkSpace\StackDemo\src\main\resources
2026-07-08 10:24:25,642 [Worker-2: Building] INFO  o.e.m.c.i.embedder.EclipseLogger - Using 'UTF-8' encoding to copy filtered resources.
2026-07-08 10:24:25,642 [Worker-2: Building] INFO  o.e.m.c.i.embedder.EclipseLogger - skip non existing resourceDirectory D:\WorkSpace\StackDemo\src\test\resources
2026-07-08 10:24:31,536 [Worker-2: Building] INFO  o.e.m.c.i.embedder.EclipseLogger - Using 'UTF-8' encoding to copy filtered resources.
2026-07-08 10:24:31,536 [Worker-2: Building] INFO  o.e.m.c.i.embedder.EclipseLogger - skip non existing resourceDirectory D:\WorkSpace\StackDemo\src\main\resources
2026-07-08 10:24:31,538 [Worker-2: Building] INFO  o.e.m.c.i.embedder.EclipseLogger - Using 'UTF-8' encoding to copy filtered resources.
2026-07-08 10:24:31,538 [Worker-2: Building] INFO  o.e.m.c.i.embedder.EclipseLogger - skip non existing resourceDirectory D:\WorkSpace\StackDemo\src\test\resources
2026-07-08 10:24:50,186 [Worker-7: Building] INFO  o.e.m.c.i.embedder.EclipseLogger - Using 'UTF-8' encoding to copy filtered resources.
2026-07-08 10:24:50,186 [Worker-7: Building] INFO  o.e.m.c.i.embedder.EclipseLogger - skip non existing resourceDirectory D:\WorkSpace\StackDemo\src\main\resources
2026-07-08 10:24:50,189 [Worker-7: Building] INFO  o.e.m.c.i.embedder.EclipseLogger - Using 'UTF-8' encoding to copy filtered resources.
2026-07-08 10:24:50,189 [Worker-7: Building] INFO  o.e.m.c.i.embedder.EclipseLogger - skip non existing resourceDirectory D:\WorkSpace\StackDemo\src\test\resources
2026-07-08 10:30:08,497 [Worker-2: Building] INFO  o.e.m.c.i.embedder.EclipseLogger - Using 'UTF-8' encoding to copy filtered resources.
2026-07-08 10:30:08,497 [Worker-2: Building] INFO  o.e.m.c.i.embedder.EclipseLogger - skip non existing resourceDirectory D:\WorkSpace\StackDemo\src\main\resources
2026-07-08 10:30:08,498 [Worker-2: Building] INFO  o.e.m.c.i.embedder.EclipseLogger - Using 'UTF-8' encoding to copy filtered resources.
2026-07-08 10:30:08,498 [Worker-2: Building] INFO  o.e.m.c.i.embedder.EclipseLogger - skip non existing resourceDirectory D:\WorkSpace\StackDemo\src\test\resources
2026-07-08 10:35:57,305 [Worker-27: Building] INFO  o.e.m.c.i.embedder.EclipseLogger - Using 'UTF-8' encoding to copy filtered resources.
2026-07-08 10:35:57,306 [Worker-27: Building] INFO  o.e.m.c.i.embedder.EclipseLogger - skip non existing resourceDirectory D:\WorkSpace\StackDemo\src\main\resources
2026-07-08 10:35:57,307 [Worker-27: Building] INFO  o.e.m.c.i.embedder.EclipseLogger - Using 'UTF-8' encoding to copy filtered resources.
2026-07-08 10:35:57,307 [Worker-27: Building] INFO  o.e.m.c.i.embedder.EclipseLogger - skip non existing resourceDirectory D:\WorkSpace\StackDemo\src\test\resources
2026-07-08 10:38:08,175 [Worker-29: Building] INFO  o.e.m.c.i.embedder.EclipseLogger - Using 'UTF-8' encoding to copy filtered resources.
2026-07-08 10:38:08,175 [Worker-29: Building] INFO  o.e.m.c.i.embedder.EclipseLogger - skip non existing resourceDirectory D:\WorkSpace\StackDemo\src\main\resources
2026-07-08 10:38:08,178 [Worker-29: Building] INFO  o.e.m.c.i.embedder.EclipseLogger - Using 'UTF-8' encoding to copy filtered resources.
2026-07-08 10:38:08,178 [Worker-29: Building] INFO  o.e.m.c.i.embedder.EclipseLogger - skip non existing resourceDirectory D:\WorkSpace\StackDemo\src\test\resources
2026-07-08 10:41:29,003 [Worker-30: Building] INFO  o.e.m.c.i.embedder.EclipseLogger - Using 'UTF-8' encoding to copy filtered resources.
2026-07-08 10:41:29,003 [Worker-30: Building] INFO  o.e.m.c.i.embedder.EclipseLogger - skip non existing resourceDirectory D:\WorkSpace\StackDemo\src\main\resources
2026-07-08 10:41:29,005 [Worker-30: Building] INFO  o.e.m.c.i.embedder.EclipseLogger - Using 'UTF-8' encoding to copy filtered resources.
2026-07-08 10:41:29,005 [Worker-30: Building] INFO  o.e.m.c.i.embedder.EclipseLogger - skip non existing resourceDirectory D:\WorkSpace\StackDemo\src\test\resources
2026-07-08 10:41:34,044 [Worker-27: Building] INFO  o.e.m.c.i.embedder.EclipseLogger - Using 'UTF-8' encoding to copy filtered resources.
2026-07-08 10:41:34,044 [Worker-27: Building] INFO  o.e.m.c.i.embedder.EclipseLogger - skip non existing resourceDirectory D:\WorkSpace\StackDemo\src\main\resources
2026-07-08 10:41:34,045 [Worker-27: Building] INFO  o.e.m.c.i.embedder.EclipseLogger - Using 'UTF-8' encoding to copy filtered resources.
2026-07-08 10:41:34,045 [Worker-27: Building] INFO  o.e.m.c.i.embedder.EclipseLogger - skip non existing resourceDirectory D:\WorkSpace\StackDemo\src\test\resources
2026-07-08 10:42:29,609 [Worker-28: Building] INFO  o.e.m.c.i.embedder.EclipseLogger - Using 'UTF-8' encoding to copy filtered resources.
2026-07-08 10:42:29,610 [Worker-28: Building] INFO  o.e.m.c.i.embedder.EclipseLogger - skip non existing resourceDirectory D:\WorkSpace\StackDemo\src\main\resources
2026-07-08 10:42:29,611 [Worker-28: Building] INFO  o.e.m.c.i.embedder.EclipseLogger - Using 'UTF-8' encoding to copy filtered resources.
2026-07-08 10:42:29,611 [Worker-28: Building] INFO  o.e.m.c.i.embedder.EclipseLogger - skip non existing resourceDirectory D:\WorkSpace\StackDemo\src\test\resources
2026-07-08 10:42:52,888 [Worker-26: Building] INFO  o.e.m.c.i.embedder.EclipseLogger - Using 'UTF-8' encoding to copy filtered resources.
2026-07-08 10:42:52,888 [Worker-26: Building] INFO  o.e.m.c.i.embedder.EclipseLogger - skip non existing resourceDirectory D:\WorkSpace\StackDemo\src\main\resources
2026-07-08 10:42:52,889 [Worker-26: Building] INFO  o.e.m.c.i.embedder.EclipseLogger - Using 'UTF-8' encoding to copy filtered resources.
2026-07-08 10:42:52,889 [Worker-26: Building] INFO  o.e.m.c.i.embedder.EclipseLogger - skip non existing resourceDirectory D:\WorkSpace\StackDemo\src\test\resources
2026-07-08 10:43:28,442 [Worker-26: Building] INFO  o.e.m.c.i.embedder.EclipseLogger - Using 'UTF-8' encoding to copy filtered resources.
2026-07-08 10:43:28,443 [Worker-26: Building] INFO  o.e.m.c.i.embedder.EclipseLogger - skip non existing resourceDirectory D:\WorkSpace\StackDemo\src\main\resources
2026-07-08 10:43:28,443 [Worker-26: Building] INFO  o.e.m.c.i.embedder.EclipseLogger - Using 'UTF-8' encoding to copy filtered resources.
2026-07-08 10:43:28,444 [Worker-26: Building] INFO  o.e.m.c.i.embedder.EclipseLogger - skip non existing resourceDirectory D:\WorkSpace\StackDemo\src\test\resources
2026-07-08 10:44:08,049 [Worker-28: Building] INFO  o.e.m.c.i.embedder.EclipseLogger - Using 'UTF-8' encoding to copy filtered resources.
2026-07-08 10:44:08,049 [Worker-28: Building] INFO  o.e.m.c.i.embedder.EclipseLogger - skip non existing resourceDirectory D:\WorkSpace\StackDemo\src\main\resources
2026-07-08 10:44:08,050 [Worker-28: Building] INFO  o.e.m.c.i.embedder.EclipseLogger - Using 'UTF-8' encoding to copy filtered resources.
2026-07-08 10:44:08,051 [Worker-28: Building] INFO  o.e.m.c.i.embedder.EclipseLogger - skip non existing resourceDirectory D:\WorkSpace\StackDemo\src\test\resources
2026-07-08 10:44:35,707 [Worker-26: Building] INFO  o.e.m.c.i.embedder.EclipseLogger - Using 'UTF-8' encoding to copy filtered resources.
2026-07-08 10:44:35,707 [Worker-26: Building] INFO  o.e.m.c.i.embedder.EclipseLogger - skip non existing resourceDirectory D:\WorkSpace\StackDemo\src\main\resources
2026-07-08 10:44:35,709 [Worker-26: Building] INFO  o.e.m.c.i.embedder.EclipseLogger - Using 'UTF-8' encoding to copy filtered resources.
2026-07-08 10:44:35,709 [Worker-26: Building] INFO  o.e.m.c.i.embedder.EclipseLogger - skip non existing resourceDirectory D:\WorkSpace\StackDemo\src\test\resources
2026-07-08 10:44:52,741 [Worker-30: Building] INFO  o.e.m.c.i.embedder.EclipseLogger - Using 'UTF-8' encoding to copy filtered resources.
2026-07-08 10:44:52,741 [Worker-30: Building] INFO  o.e.m.c.i.embedder.EclipseLogger - skip non existing resourceDirectory D:\WorkSpace\StackDemo\src\main\resources
2026-07-08 10:44:52,742 [Worker-30: Building] INFO  o.e.m.c.i.embedder.EclipseLogger - Using 'UTF-8' encoding to copy filtered resources.
2026-07-08 10:44:52,742 [Worker-30: Building] INFO  o.e.m.c.i.embedder.EclipseLogger - skip non existing resourceDirectory D:\WorkSpace\StackDemo\src\test\resources
2026-07-08 10:45:06,799 [Worker-26: Building] INFO  o.e.m.c.i.embedder.EclipseLogger - Using 'UTF-8' encoding to copy filtered resources.
2026-07-08 10:45:06,799 [Worker-26: Building] INFO  o.e.m.c.i.embedder.EclipseLogger - skip non existing resourceDirectory D:\WorkSpace\StackDemo\src\main\resources
2026-07-08 10:45:06,800 [Worker-26: Building] INFO  o.e.m.c.i.embedder.EclipseLogger - Using 'UTF-8' encoding to copy filtered resources.
2026-07-08 10:45:06,800 [Worker-26: Building] INFO  o.e.m.c.i.embedder.EclipseLogger - skip non existing resourceDirectory D:\WorkSpace\StackDemo\src\test\resources
2026-07-08 10:45:50,189 [Worker-27: Building] INFO  o.e.m.c.i.embedder.EclipseLogger - Using 'UTF-8' encoding to copy filtered resources.
2026-07-08 10:45:50,189 [Worker-27: Building] INFO  o.e.m.c.i.embedder.EclipseLogger - skip non existing resourceDirectory D:\WorkSpace\StackDemo\src\main\resources
2026-07-08 10:45:50,192 [Worker-27: Building] INFO  o.e.m.c.i.embedder.EclipseLogger - Using 'UTF-8' encoding to copy filtered resources.
2026-07-08 10:45:50,192 [Worker-27: Building] INFO  o.e.m.c.i.embedder.EclipseLogger - skip non existing resourceDirectory D:\WorkSpace\StackDemo\src\test\resources
2026-07-08 10:45:57,805 [Worker-26: Building] INFO  o.e.m.c.i.embedder.EclipseLogger - Using 'UTF-8' encoding to copy filtered resources.
2026-07-08 10:45:57,805 [Worker-26: Building] INFO  o.e.m.c.i.embedder.EclipseLogger - skip non existing resourceDirectory D:\WorkSpace\StackDemo\src\main\resources
2026-07-08 10:45:57,806 [Worker-26: Building] INFO  o.e.m.c.i.embedder.EclipseLogger - Using 'UTF-8' encoding to copy filtered resources.
2026-07-08 10:45:57,806 [Worker-26: Building] INFO  o.e.m.c.i.embedder.EclipseLogger - skip non existing resourceDirectory D:\WorkSpace\StackDemo\src\test\resources
2026-07-08 10:46:23,215 [Worker-30: Building] INFO  o.e.m.c.i.embedder.EclipseLogger - Using 'UTF-8' encoding to copy filtered resources.
2026-07-08 10:46:23,216 [Worker-30: Building] INFO  o.e.m.c.i.embedder.EclipseLogger - skip non existing resourceDirectory D:\WorkSpace\StackDemo\src\main\resources
2026-07-08 10:46:23,217 [Worker-30: Building] INFO  o.e.m.c.i.embedder.EclipseLogger - Using 'UTF-8' encoding to copy filtered resources.
2026-07-08 10:46:23,217 [Worker-30: Building] INFO  o.e.m.c.i.embedder.EclipseLogger - skip non existing resourceDirectory D:\WorkSpace\StackDemo\src\test\resources
2026-07-08 10:46:28,297 [Worker-26: Building] INFO  o.e.m.c.i.embedder.EclipseLogger - Using 'UTF-8' encoding to copy filtered resources.
2026-07-08 10:46:28,297 [Worker-26: Building] INFO  o.e.m.c.i.embedder.EclipseLogger - skip non existing resourceDirectory D:\WorkSpace\StackDemo\src\main\resources
2026-07-08 10:46:28,298 [Worker-26: Building] INFO  o.e.m.c.i.embedder.EclipseLogger - Using 'UTF-8' encoding to copy filtered resources.
2026-07-08 10:46:28,298 [Worker-26: Building] INFO  o.e.m.c.i.embedder.EclipseLogger - skip non existing resourceDirectory D:\WorkSpace\StackDemo\src\test\resources
2026-07-08 10:46:45,267 [Worker-28: Building] INFO  o.e.m.c.i.embedder.EclipseLogger - Using 'UTF-8' encoding to copy filtered resources.
2026-07-08 10:46:45,268 [Worker-28: Building] INFO  o.e.m.c.i.embedder.EclipseLogger - skip non existing resourceDirectory D:\WorkSpace\StackDemo\src\main\resources
2026-07-08 10:46:45,269 [Worker-28: Building] INFO  o.e.m.c.i.embedder.EclipseLogger - Using 'UTF-8' encoding to copy filtered resources.
2026-07-08 10:46:45,269 [Worker-28: Building] INFO  o.e.m.c.i.embedder.EclipseLogger - skip non existing resourceDirectory D:\WorkSpace\StackDemo\src\test\resources
2026-07-08 10:46:56,527 [Worker-29: Building] INFO  o.e.m.c.i.embedder.EclipseLogger - Using 'UTF-8' encoding to copy filtered resources.
2026-07-08 10:46:56,527 [Worker-29: Building] INFO  o.e.m.c.i.embedder.EclipseLogger - skip non existing resourceDirectory D:\WorkSpace\StackDemo\src\main\resources
2026-07-08 10:46:56,528 [Worker-29: Building] INFO  o.e.m.c.i.embedder.EclipseLogger - Using 'UTF-8' encoding to copy filtered resources.
2026-07-08 10:46:56,528 [Worker-29: Building] INFO  o.e.m.c.i.embedder.EclipseLogger - skip non existing resourceDirectory D:\WorkSpace\StackDemo\src\test\resources
2026-07-08 10:47:09,894 [Worker-28: Building] INFO  o.e.m.c.i.embedder.EclipseLogger - Using 'UTF-8' encoding to copy filtered resources.
2026-07-08 10:47:09,894 [Worker-28: Building] INFO  o.e.m.c.i.embedder.EclipseLogger - skip non existing resourceDirectory D:\WorkSpace\StackDemo\src\main\resources
2026-07-08 10:47:09,895 [Worker-28: Building] INFO  o.e.m.c.i.embedder.EclipseLogger - Using 'UTF-8' encoding to copy filtered resources.
2026-07-08 10:47:09,895 [Worker-28: Building] INFO  o.e.m.c.i.embedder.EclipseLogger - skip non existing resourceDirectory D:\WorkSpace\StackDemo\src\test\resources
2026-07-08 10:49:22,201 [Worker-27: Building] INFO  o.e.m.c.i.embedder.EclipseLogger - Using 'UTF-8' encoding to copy filtered resources.
2026-07-08 10:49:22,202 [Worker-27: Building] INFO  o.e.m.c.i.embedder.EclipseLogger - skip non existing resourceDirectory D:\WorkSpace\StackDemo\src\main\resources
2026-07-08 10:49:22,203 [Worker-27: Building] INFO  o.e.m.c.i.embedder.EclipseLogger - Using 'UTF-8' encoding to copy filtered resources.
2026-07-08 10:49:22,203 [Worker-27: Building] INFO  o.e.m.c.i.embedder.EclipseLogger - skip non existing resourceDirectory D:\WorkSpace\StackDemo\src\test\resources
2026-07-08 10:49:44,418 [Worker-27: Building] INFO  o.e.m.c.i.embedder.EclipseLogger - Using 'UTF-8' encoding to copy filtered resources.
2026-07-08 10:49:44,418 [Worker-27: Building] INFO  o.e.m.c.i.embedder.EclipseLogger - skip non existing resourceDirectory D:\WorkSpace\StackDemo\src\main\resources
2026-07-08 10:49:44,419 [Worker-27: Building] INFO  o.e.m.c.i.embedder.EclipseLogger - Using 'UTF-8' encoding to copy filtered resources.
2026-07-08 10:49:44,419 [Worker-27: Building] INFO  o.e.m.c.i.embedder.EclipseLogger - skip non existing resourceDirectory D:\WorkSpace\StackDemo\src\test\resources
2026-07-08 10:53:49,250 [Worker-28: Building] INFO  o.a.m.s.f.DefaultMavenResourcesFiltering - skip non existing resourceDirectory D:\WorkSpace\vectordemo\src\main\resources
2026-07-08 10:53:49,251 [Worker-28: Building] INFO  o.a.m.s.f.DefaultMavenResourcesFiltering - skip non existing resourceDirectory D:\WorkSpace\vectordemo\src\test\resources
2026-07-08 11:00:15,010 [Worker-36: Building] INFO  o.a.m.s.f.DefaultMavenResourcesFiltering - skip non existing resourceDirectory D:\WorkSpace\vectordemo\src\main\resources
2026-07-08 11:00:15,011 [Worker-36: Building] INFO  o.a.m.s.f.DefaultMavenResourcesFiltering - skip non existing resourceDirectory D:\WorkSpace\vectordemo\src\test\resources
2026-07-08 11:01:07,449 [Worker-36: Building] INFO  o.a.m.s.f.DefaultMavenResourcesFiltering - skip non existing resourceDirectory D:\WorkSpace\vectordemo\src\main\resources
2026-07-08 11:01:07,450 [Worker-36: Building] INFO  o.a.m.s.f.DefaultMavenResourcesFiltering - skip non existing resourceDirectory D:\WorkSpace\vectordemo\src\test\resources
2026-07-08 11:12:50,349 [Worker-35: Building] INFO  o.a.m.s.f.DefaultMavenResourcesFiltering - skip non existing resourceDirectory D:\WorkSpace\vectordemo\src\main\resources
2026-07-08 11:12:50,350 [Worker-35: Building] INFO  o.a.m.s.f.DefaultMavenResourcesFiltering - skip non existing resourceDirectory D:\WorkSpace\vectordemo\src\test\resources
2026-07-08 11:13:09,519 [Worker-35: Building] INFO  o.a.m.s.f.DefaultMavenResourcesFiltering - skip non existing resourceDirectory D:\WorkSpace\vectordemo\src\main\resources
2026-07-08 11:13:09,521 [Worker-35: Building] INFO  o.a.m.s.f.DefaultMavenResourcesFiltering - skip non existing resourceDirectory D:\WorkSpace\vectordemo\src\test\resources
2026-07-08 11:13:24,431 [Worker-41: Building] INFO  o.a.m.s.f.DefaultMavenResourcesFiltering - skip non existing resourceDirectory D:\WorkSpace\vectordemo\src\main\resources
2026-07-08 11:13:24,433 [Worker-41: Building] INFO  o.a.m.s.f.DefaultMavenResourcesFiltering - skip non existing resourceDirectory D:\WorkSpace\vectordemo\src\test\resources
2026-07-08 11:20:33,300 [Worker-43: Building] INFO  o.a.m.s.f.DefaultMavenResourcesFiltering - skip non existing resourceDirectory D:\WorkSpace\vectordemo\src\main\resources
2026-07-08 11:20:33,301 [Worker-43: Building] INFO  o.a.m.s.f.DefaultMavenResourcesFiltering - skip non existing resourceDirectory D:\WorkSpace\vectordemo\src\test\resources
2026-07-08 11:26:11,097 [Worker-44: Building] INFO  o.a.m.s.f.DefaultMavenResourcesFiltering - skip non existing resourceDirectory D:\WorkSpace\vectordemo\src\main\resources
2026-07-08 11:26:11,100 [Worker-44: Building] INFO  o.a.m.s.f.DefaultMavenResourcesFiltering - skip non existing resourceDirectory D:\WorkSpace\vectordemo\src\test\resources
2026-07-09 11:03:48,914 [Worker-5: Loading available Gradle versions] INFO  o.e.b.c.i.u.g.PublishedGradleVersions - Gradle version information cache is out-of-date. Trying to update.
2026-07-09 11:05:35,538 [Worker-20: Launching mavenrun-b587742e-bd81-499d-abfe-b34c21f48c16] INFO  o.eclipse.m2e.core.internal.Bundles - getClasspathEntries(Bundle=org.eclipse.m2e.maven.runtime_3.9.500.20231113-2345 [629])
2026-07-09 11:05:35,541 [Worker-20: Launching mavenrun-b587742e-bd81-499d-abfe-b34c21f48c16] INFO  o.eclipse.m2e.core.internal.Bundles - 	Entry: C:\eclipse-jee-2023-12-R-win32-x86_64\eclipse\plugins\org.eclipse.m2e.maven.runtime_3.9.500.20231113-2345
2026-07-09 11:05:35,544 [Worker-20: Launching mavenrun-b587742e-bd81-499d-abfe-b34c21f48c16] INFO  o.eclipse.m2e.core.internal.Bundles - 	Entry: C:\eclipse-jee-2023-12-R-win32-x86_64\eclipse\plugins\org.eclipse.m2e.maven.runtime_3.9.500.20231113-2345\jars\aopalliance-1.0.jar
2026-07-09 11:05:35,545 [Worker-20: Launching mavenrun-b587742e-bd81-499d-abfe-b34c21f48c16] INFO  o.eclipse.m2e.core.internal.Bundles - 	Entry: C:\eclipse-jee-2023-12-R-win32-x86_64\eclipse\plugins\org.eclipse.m2e.maven.runtime_3.9.500.20231113-2345\jars\guice-5.1.0.jar
2026-07-09 11:05:35,545 [Worker-20: Launching mavenrun-b587742e-bd81-499d-abfe-b34c21f48c16] INFO  o.eclipse.m2e.core.internal.Bundles - 	Entry: C:\eclipse-jee-2023-12-R-win32-x86_64\eclipse\plugins\org.eclipse.m2e.maven.runtime_3.9.500.20231113-2345\jars\httpclient-4.5.14.jar
2026-07-09 11:05:35,545 [Worker-20: Launching mavenrun-b587742e-bd81-499d-abfe-b34c21f48c16] INFO  o.eclipse.m2e.core.internal.Bundles - 	Entry: C:\eclipse-jee-2023-12-R-win32-x86_64\eclipse\plugins\org.eclipse.m2e.maven.runtime_3.9.500.20231113-2345\jars\httpcore-4.4.16.jar
2026-07-09 11:05:35,546 [Worker-20: Launching mavenrun-b587742e-bd81-499d-abfe-b34c21f48c16] INFO  o.eclipse.m2e.core.internal.Bundles - 	Entry: C:\eclipse-jee-2023-12-R-win32-x86_64\eclipse\plugins\org.eclipse.m2e.maven.runtime_3.9.500.20231113-2345\jars\jansi-2.4.0.jar
2026-07-09 11:05:35,546 [Worker-20: Launching mavenrun-b587742e-bd81-499d-abfe-b34c21f48c16] INFO  o.eclipse.m2e.core.internal.Bundles - 	Entry: C:\eclipse-jee-2023-12-R-win32-x86_64\eclipse\plugins\org.eclipse.m2e.maven.runtime_3.9.500.20231113-2345\jars\jcl-over-slf4j-1.7.36.jar
2026-07-09 11:05:35,546 [Worker-20: Launching mavenrun-b587742e-bd81-499d-abfe-b34c21f48c16] INFO  o.eclipse.m2e.core.internal.Bundles - 	Entry: C:\eclipse-jee-2023-12-R-win32-x86_64\eclipse\plugins\org.eclipse.m2e.maven.runtime_3.9.500.20231113-2345\jars\maven-artifact-3.9.5.jar
2026-07-09 11:05:35,546 [Worker-20: Launching mavenrun-b587742e-bd81-499d-abfe-b34c21f48c16] INFO  o.eclipse.m2e.core.internal.Bundles - 	Entry: C:\eclipse-jee-2023-12-R-win32-x86_64\eclipse\plugins\org.eclipse.m2e.maven.runtime_3.9.500.20231113-2345\jars\maven-builder-support-3.9.5.jar
2026-07-09 11:05:35,547 [Worker-20: Launching mavenrun-b587742e-bd81-499d-abfe-b34c21f48c16] INFO  o.eclipse.m2e.core.internal.Bundles - 	Entry: C:\eclipse-jee-2023-12-R-win32-x86_64\eclipse\plugins\org.eclipse.m2e.maven.runtime_3.9.500.20231113-2345\jars\maven-compat-3.9.5.jar
2026-07-09 11:05:35,547 [Worker-20: Launching mavenrun-b587742e-bd81-499d-abfe-b34c21f48c16] INFO  o.eclipse.m2e.core.internal.Bundles - 	Entry: C:\eclipse-jee-2023-12-R-win32-x86_64\eclipse\plugins\org.eclipse.m2e.maven.runtime_3.9.500.20231113-2345\jars\maven-core-3.9.5.jar
2026-07-09 11:05:35,547 [Worker-20: Launching mavenrun-b587742e-bd81-499d-abfe-b34c21f48c16] INFO  o.eclipse.m2e.core.internal.Bundles - 	Entry: C:\eclipse-jee-2023-12-R-win32-x86_64\eclipse\plugins\org.eclipse.m2e.maven.runtime_3.9.500.20231113-2345\jars\maven-embedder-3.9.5.jar
2026-07-09 11:05:35,547 [Worker-20: Launching mavenrun-b587742e-bd81-499d-abfe-b34c21f48c16] INFO  o.eclipse.m2e.core.internal.Bundles - 	Entry: C:\eclipse-jee-2023-12-R-win32-x86_64\eclipse\plugins\org.eclipse.m2e.maven.runtime_3.9.500.20231113-2345\jars\maven-model-3.9.5.jar
2026-07-09 11:05:35,547 [Worker-20: Launching mavenrun-b587742e-bd81-499d-abfe-b34c21f48c16] INFO  o.eclipse.m2e.core.internal.Bundles - 	Entry: C:\eclipse-jee-2023-12-R-win32-x86_64\eclipse\plugins\org.eclipse.m2e.maven.runtime_3.9.500.20231113-2345\jars\maven-model-builder-3.9.5.jar
2026-07-09 11:05:35,547 [Worker-20: Launching mavenrun-b587742e-bd81-499d-abfe-b34c21f48c16] INFO  o.eclipse.m2e.core.internal.Bundles - 	Entry: C:\eclipse-jee-2023-12-R-win32-x86_64\eclipse\plugins\org.eclipse.m2e.maven.runtime_3.9.500.20231113-2345\jars\maven-plugin-api-3.9.5.jar
2026-07-09 11:05:35,548 [Worker-20: Launching mavenrun-b587742e-bd81-499d-abfe-b34c21f48c16] INFO  o.eclipse.m2e.core.internal.Bundles - 	Entry: C:\eclipse-jee-2023-12-R-win32-x86_64\eclipse\plugins\org.eclipse.m2e.maven.runtime_3.9.500.20231113-2345\jars\maven-repository-metadata-3.9.5.jar
2026-07-09 11:05:35,548 [Worker-20: Launching mavenrun-b587742e-bd81-499d-abfe-b34c21f48c16] INFO  o.eclipse.m2e.core.internal.Bundles - 	Entry: C:\eclipse-jee-2023-12-R-win32-x86_64\eclipse\plugins\org.eclipse.m2e.maven.runtime_3.9.500.20231113-2345\jars\maven-resolver-api-1.9.16.jar
2026-07-09 11:05:35,548 [Worker-20: Launching mavenrun-b587742e-bd81-499d-abfe-b34c21f48c16] INFO  o.eclipse.m2e.core.internal.Bundles - 	Entry: C:\eclipse-jee-2023-12-R-win32-x86_64\eclipse\plugins\org.eclipse.m2e.maven.runtime_3.9.500.20231113-2345\jars\maven-resolver-connector-basic-1.9.16.jar
2026-07-09 11:05:35,549 [Worker-20: Launching mavenrun-b587742e-bd81-499d-abfe-b34c21f48c16] INFO  o.eclipse.m2e.core.internal.Bundles - 	Entry: C:\eclipse-jee-2023-12-R-win32-x86_64\eclipse\plugins\org.eclipse.m2e.maven.runtime_3.9.500.20231113-2345\jars\maven-resolver-impl-1.9.16.jar
2026-07-09 11:05:35,550 [Worker-20: Launching mavenrun-b587742e-bd81-499d-abfe-b34c21f48c16] INFO  o.eclipse.m2e.core.internal.Bundles - 	Entry: C:\eclipse-jee-2023-12-R-win32-x86_64\eclipse\plugins\org.eclipse.m2e.maven.runtime_3.9.500.20231113-2345\jars\maven-resolver-named-locks-1.9.16.jar
2026-07-09 11:05:35,551 [Worker-20: Launching mavenrun-b587742e-bd81-499d-abfe-b34c21f48c16] INFO  o.eclipse.m2e.core.internal.Bundles - 	Entry: C:\eclipse-jee-2023-12-R-win32-x86_64\eclipse\plugins\org.eclipse.m2e.maven.runtime_3.9.500.20231113-2345\jars\maven-resolver-provider-3.9.5.jar
2026-07-09 11:05:35,552 [Worker-20: Launching mavenrun-b587742e-bd81-499d-abfe-b34c21f48c16] INFO  o.eclipse.m2e.core.internal.Bundles - 	Entry: C:\eclipse-jee-2023-12-R-win32-x86_64\eclipse\plugins\org.eclipse.m2e.maven.runtime_3.9.500.20231113-2345\jars\maven-resolver-spi-1.9.16.jar
2026-07-09 11:05:35,552 [Worker-20: Launching mavenrun-b587742e-bd81-499d-abfe-b34c21f48c16] INFO  o.eclipse.m2e.core.internal.Bundles - 	Entry: C:\eclipse-jee-2023-12-R-win32-x86_64\eclipse\plugins\org.eclipse.m2e.maven.runtime_3.9.500.20231113-2345\jars\maven-resolver-transport-file-1.9.16.jar
2026-07-09 11:05:35,553 [Worker-20: Launching mavenrun-b587742e-bd81-499d-abfe-b34c21f48c16] INFO  o.eclipse.m2e.core.internal.Bundles - 	Entry: C:\eclipse-jee-2023-12-R-win32-x86_64\eclipse\plugins\org.eclipse.m2e.maven.runtime_3.9.500.20231113-2345\jars\maven-resolver-transport-http-1.9.16.jar
2026-07-09 11:05:35,553 [Worker-20: Launching mavenrun-b587742e-bd81-499d-abfe-b34c21f48c16] INFO  o.eclipse.m2e.core.internal.Bundles - 	Entry: C:\eclipse-jee-2023-12-R-win32-x86_64\eclipse\plugins\org.eclipse.m2e.maven.runtime_3.9.500.20231113-2345\jars\maven-resolver-transport-wagon-1.9.16.jar
2026-07-09 11:05:35,553 [Worker-20: Launching mavenrun-b587742e-bd81-499d-abfe-b34c21f48c16] INFO  o.eclipse.m2e.core.internal.Bundles - 	Entry: C:\eclipse-jee-2023-12-R-win32-x86_64\eclipse\plugins\org.eclipse.m2e.maven.runtime_3.9.500.20231113-2345\jars\maven-resolver-util-1.9.16.jar
2026-07-09 11:05:35,553 [Worker-20: Launching mavenrun-b587742e-bd81-499d-abfe-b34c21f48c16] INFO  o.eclipse.m2e.core.internal.Bundles - 	Entry: C:\eclipse-jee-2023-12-R-win32-x86_64\eclipse\plugins\org.eclipse.m2e.maven.runtime_3.9.500.20231113-2345\jars\maven-settings-3.9.5.jar
2026-07-09 11:05:35,553 [Worker-20: Launching mavenrun-b587742e-bd81-499d-abfe-b34c21f48c16] INFO  o.eclipse.m2e.core.internal.Bundles - 	Entry: C:\eclipse-jee-2023-12-R-win32-x86_64\eclipse\plugins\org.eclipse.m2e.maven.runtime_3.9.500.20231113-2345\jars\maven-settings-builder-3.9.5.jar
2026-07-09 11:05:35,554 [Worker-20: Launching mavenrun-b587742e-bd81-499d-abfe-b34c21f48c16] INFO  o.eclipse.m2e.core.internal.Bundles - 	Entry: C:\eclipse-jee-2023-12-R-win32-x86_64\eclipse\plugins\org.eclipse.m2e.maven.runtime_3.9.500.20231113-2345\jars\maven-shared-utils-3.3.4.jar
2026-07-09 11:05:35,554 [Worker-20: Launching mavenrun-b587742e-bd81-499d-abfe-b34c21f48c16] INFO  o.eclipse.m2e.core.internal.Bundles - 	Entry: C:\eclipse-jee-2023-12-R-win32-x86_64\eclipse\plugins\org.eclipse.m2e.maven.runtime_3.9.500.20231113-2345\jars\org.eclipse.sisu.inject-0.3.5.jar
2026-07-09 11:05:35,554 [Worker-20: Launching mavenrun-b587742e-bd81-499d-abfe-b34c21f48c16] INFO  o.eclipse.m2e.core.internal.Bundles - 	Entry: C:\eclipse-jee-2023-12-R-win32-x86_64\eclipse\plugins\org.eclipse.m2e.maven.runtime_3.9.500.20231113-2345\jars\org.eclipse.sisu.plexus-0.3.5.jar
2026-07-09 11:05:35,554 [Worker-20: Launching mavenrun-b587742e-bd81-499d-abfe-b34c21f48c16] INFO  o.eclipse.m2e.core.internal.Bundles - 	Entry: C:\eclipse-jee-2023-12-R-win32-x86_64\eclipse\plugins\org.eclipse.m2e.maven.runtime_3.9.500.20231113-2345\jars\plexus-build-api-0.0.7.jar
2026-07-09 11:05:35,554 [Worker-20: Launching mavenrun-b587742e-bd81-499d-abfe-b34c21f48c16] INFO  o.eclipse.m2e.core.internal.Bundles - 	Entry: C:\eclipse-jee-2023-12-R-win32-x86_64\eclipse\plugins\org.eclipse.m2e.maven.runtime_3.9.500.20231113-2345\jars\plexus-cipher-2.0.jar
2026-07-09 11:05:35,555 [Worker-20: Launching mavenrun-b587742e-bd81-499d-abfe-b34c21f48c16] INFO  o.eclipse.m2e.core.internal.Bundles - 	Entry: C:\eclipse-jee-2023-12-R-win32-x86_64\eclipse\plugins\org.eclipse.m2e.maven.runtime_3.9.500.20231113-2345\jars\plexus-classworlds-2.7.0.jar
2026-07-09 11:05:35,555 [Worker-20: Launching mavenrun-b587742e-bd81-499d-abfe-b34c21f48c16] INFO  o.eclipse.m2e.core.internal.Bundles - 	Entry: C:\eclipse-jee-2023-12-R-win32-x86_64\eclipse\plugins\org.eclipse.m2e.maven.runtime_3.9.500.20231113-2345\jars\plexus-component-annotations-2.1.0.jar
2026-07-09 11:05:35,555 [Worker-20: Launching mavenrun-b587742e-bd81-499d-abfe-b34c21f48c16] INFO  o.eclipse.m2e.core.internal.Bundles - 	Entry: C:\eclipse-jee-2023-12-R-win32-x86_64\eclipse\plugins\org.eclipse.m2e.maven.runtime_3.9.500.20231113-2345\jars\plexus-interpolation-1.26.jar
2026-07-09 11:05:35,556 [Worker-20: Launching mavenrun-b587742e-bd81-499d-abfe-b34c21f48c16] INFO  o.eclipse.m2e.core.internal.Bundles - 	Entry: C:\eclipse-jee-2023-12-R-win32-x86_64\eclipse\plugins\org.eclipse.m2e.maven.runtime_3.9.500.20231113-2345\jars\plexus-sec-dispatcher-2.0.jar
2026-07-09 11:05:35,557 [Worker-20: Launching mavenrun-b587742e-bd81-499d-abfe-b34c21f48c16] INFO  o.eclipse.m2e.core.internal.Bundles - 	Entry: C:\eclipse-jee-2023-12-R-win32-x86_64\eclipse\plugins\org.eclipse.m2e.maven.runtime_3.9.500.20231113-2345\jars\plexus-utils-3.5.1.jar
2026-07-09 11:05:35,559 [Worker-20: Launching mavenrun-b587742e-bd81-499d-abfe-b34c21f48c16] INFO  o.eclipse.m2e.core.internal.Bundles - 	Entry: C:\eclipse-jee-2023-12-R-win32-x86_64\eclipse\plugins\org.eclipse.m2e.maven.runtime_3.9.500.20231113-2345\jars\wagon-file-3.5.3.jar
2026-07-09 11:05:35,559 [Worker-20: Launching mavenrun-b587742e-bd81-499d-abfe-b34c21f48c16] INFO  o.eclipse.m2e.core.internal.Bundles - 	Entry: C:\eclipse-jee-2023-12-R-win32-x86_64\eclipse\plugins\org.eclipse.m2e.maven.runtime_3.9.500.20231113-2345\jars\wagon-http-3.5.3.jar
2026-07-09 11:05:35,559 [Worker-20: Launching mavenrun-b587742e-bd81-499d-abfe-b34c21f48c16] INFO  o.eclipse.m2e.core.internal.Bundles - 	Entry: C:\eclipse-jee-2023-12-R-win32-x86_64\eclipse\plugins\org.eclipse.m2e.maven.runtime_3.9.500.20231113-2345\jars\wagon-http-shared-3.5.3.jar
2026-07-09 11:05:35,560 [Worker-20: Launching mavenrun-b587742e-bd81-499d-abfe-b34c21f48c16] INFO  o.eclipse.m2e.core.internal.Bundles - 	Entry: C:\eclipse-jee-2023-12-R-win32-x86_64\eclipse\plugins\org.eclipse.m2e.maven.runtime_3.9.500.20231113-2345\jars\wagon-provider-api-3.5.3.jar
2026-07-09 11:05:35,562 [Worker-20: Launching mavenrun-b587742e-bd81-499d-abfe-b34c21f48c16] INFO  o.eclipse.m2e.core.internal.Bundles - getClasspathEntries(Bundle=com.google.guava_32.1.3.jre [12])
2026-07-09 11:05:35,562 [Worker-20: Launching mavenrun-b587742e-bd81-499d-abfe-b34c21f48c16] INFO  o.eclipse.m2e.core.internal.Bundles - 	Entry: C:\eclipse-jee-2023-12-R-win32-x86_64\eclipse\plugins\com.google.guava_32.1.3.jre.jar
2026-07-09 11:05:35,563 [Worker-20: Launching mavenrun-b587742e-bd81-499d-abfe-b34c21f48c16] INFO  o.eclipse.m2e.core.internal.Bundles - getClasspathEntries(Bundle=slf4j.api_2.0.9 [989])
2026-07-09 11:05:35,563 [Worker-20: Launching mavenrun-b587742e-bd81-499d-abfe-b34c21f48c16] INFO  o.eclipse.m2e.core.internal.Bundles - 	Entry: C:\eclipse-jee-2023-12-R-win32-x86_64\eclipse\plugins\slf4j.api_2.0.9.jar
2026-07-09 11:05:35,563 [Worker-20: Launching mavenrun-b587742e-bd81-499d-abfe-b34c21f48c16] INFO  o.eclipse.m2e.core.internal.Bundles - getClasspathEntries(Bundle=jakarta.inject.jakarta.inject-api_1.0.5 [29])
2026-07-09 11:05:35,563 [Worker-20: Launching mavenrun-b587742e-bd81-499d-abfe-b34c21f48c16] INFO  o.eclipse.m2e.core.internal.Bundles - 	Entry: C:\eclipse-jee-2023-12-R-win32-x86_64\eclipse\plugins\jakarta.inject.jakarta.inject-api_1.0.5.jar
2026-07-09 11:05:35,563 [Worker-20: Launching mavenrun-b587742e-bd81-499d-abfe-b34c21f48c16] INFO  o.eclipse.m2e.core.internal.Bundles - getClasspathEntries(Bundle=jakarta.annotation-api_1.3.5 [24])
2026-07-09 11:05:35,563 [Worker-20: Launching mavenrun-b587742e-bd81-499d-abfe-b34c21f48c16] INFO  o.eclipse.m2e.core.internal.Bundles - 	Entry: C:\eclipse-jee-2023-12-R-win32-x86_64\eclipse\plugins\jakarta.annotation-api_1.3.5.jar
2026-07-09 11:05:35,563 [Worker-20: Launching mavenrun-b587742e-bd81-499d-abfe-b34c21f48c16] INFO  o.eclipse.m2e.core.internal.Bundles - getClasspathEntries(Bundle=org.apache.commons.cli_1.6.0 [71])
2026-07-09 11:05:35,564 [Worker-20: Launching mavenrun-b587742e-bd81-499d-abfe-b34c21f48c16] INFO  o.eclipse.m2e.core.internal.Bundles - 	Entry: C:\eclipse-jee-2023-12-R-win32-x86_64\eclipse\plugins\org.apache.commons.cli_1.6.0.jar
2026-07-09 11:05:35,564 [Worker-20: Launching mavenrun-b587742e-bd81-499d-abfe-b34c21f48c16] INFO  o.eclipse.m2e.core.internal.Bundles - getClasspathEntries(Bundle=org.apache.commons.commons-codec_1.16.0 [75])
2026-07-09 11:05:35,564 [Worker-20: Launching mavenrun-b587742e-bd81-499d-abfe-b34c21f48c16] INFO  o.eclipse.m2e.core.internal.Bundles - 	Entry: C:\eclipse-jee-2023-12-R-win32-x86_64\eclipse\plugins\org.apache.commons.commons-codec_1.16.0.jar
2026-07-09 11:05:35,564 [Worker-20: Launching mavenrun-b587742e-bd81-499d-abfe-b34c21f48c16] INFO  o.eclipse.m2e.core.internal.Bundles - getClasspathEntries(Bundle=org.apache.commons.lang3_3.13.0 [82])
2026-07-09 11:05:35,565 [Worker-20: Launching mavenrun-b587742e-bd81-499d-abfe-b34c21f48c16] INFO  o.eclipse.m2e.core.internal.Bundles - 	Entry: C:\eclipse-jee-2023-12-R-win32-x86_64\eclipse\plugins\org.apache.commons.lang3_3.13.0.jar
2026-07-09 11:05:35,565 [Worker-20: Launching mavenrun-b587742e-bd81-499d-abfe-b34c21f48c16] INFO  o.eclipse.m2e.core.internal.Bundles - getClasspathEntries(Bundle=com.google.guava.failureaccess_1.0.2 [13])
2026-07-09 11:05:35,565 [Worker-20: Launching mavenrun-b587742e-bd81-499d-abfe-b34c21f48c16] INFO  o.eclipse.m2e.core.internal.Bundles - 	Entry: C:\eclipse-jee-2023-12-R-win32-x86_64\eclipse\plugins\com.google.guava.failureaccess_1.0.2.jar
2026-07-09 11:05:35,570 [Worker-20: Launching mavenrun-b587742e-bd81-499d-abfe-b34c21f48c16] INFO  o.e.m.i.launch.MavenLaunchDelegate - Run build in "C:\Users\boras\AppData\Local\Temp\m2e-archetypeGenerator12825916508417407878":
2026-07-09 11:05:35,578 [Worker-20: Launching mavenrun-b587742e-bd81-499d-abfe-b34c21f48c16] INFO  o.e.m.i.launch.MavenLaunchDelegate -  mvn  -DarchetypeGroupId=org.apache.maven.archetypes -DarchetypeArtifactId=maven-archetype-quickstart -DarchetypeVersion=1.4 -DgroupId=DSA -DartifactId=QueueDemo -Dversion=0.0.1-SNAPSHOT -Dpackage=DSA.QueueDemo -DoutputDirectory=D:\WorkSpace -Dstyle.color=always -U archetype:generate
2026-07-09 11:05:48,106 [Worker-4: Creating maven-archetype-quickstart] INFO  o.e.m.c.i.p.ProjectConfigurationManager - Collecting project info '/pom.xml' D:\WorkSpace\QueueDemo\pom.xml
2026-07-09 11:05:51,888 [Worker-4: Creating maven-archetype-quickstart] INFO  o.e.m.c.i.l.LifecycleMappingFactory - Using org.eclipse.m2e.jdt.JarLifecycleMapping lifecycle mapping for MavenProject: DSA:QueueDemo:0.0.1-SNAPSHOT @ D:\WorkSpace\QueueDemo\pom.xml.
2026-07-09 11:05:53,419 [Worker-4: Creating maven-archetype-quickstart] INFO  o.e.m.j.i.AbstractJavaProjectConfigurator - Adding source folder /QueueDemo/src/main/java
2026-07-09 11:05:53,419 [Worker-4: Creating maven-archetype-quickstart] INFO  o.e.m.j.i.AbstractJavaProjectConfigurator - Adding resource folder /QueueDemo/src/main/resources
2026-07-09 11:05:53,427 [Worker-4: Creating maven-archetype-quickstart] INFO  o.e.m.j.i.AbstractJavaProjectConfigurator - Adding source folder /QueueDemo/src/test/java
2026-07-09 11:05:53,428 [Worker-4: Creating maven-archetype-quickstart] INFO  o.e.m.j.i.AbstractJavaProjectConfigurator - Adding resource folder /QueueDemo/src/test/resources
2026-07-09 11:05:53,569 [Worker-4: Creating maven-archetype-quickstart] INFO  o.e.m.c.i.p.ProjectConfigurationManager - Imported and configured 1 project(s) in 5 sec
2026-07-09 11:05:53,853 [Worker-18: Building] INFO  o.e.m.c.i.embedder.EclipseLogger - Using 'UTF-8' encoding to copy filtered resources.
2026-07-09 11:05:53,853 [Worker-18: Building] INFO  o.e.m.c.i.embedder.EclipseLogger - skip non existing resourceDirectory D:\WorkSpace\QueueDemo\src\main\resources
2026-07-09 11:05:53,856 [Worker-18: Building] INFO  o.e.m.c.i.embedder.EclipseLogger - Using 'UTF-8' encoding to copy filtered resources.
2026-07-09 11:05:53,856 [Worker-18: Building] INFO  o.e.m.c.i.embedder.EclipseLogger - skip non existing resourceDirectory D:\WorkSpace\QueueDemo\src\test\resources
2026-07-09 11:06:16,533 [Worker-15: Building] INFO  o.e.m.c.i.embedder.EclipseLogger - Using 'UTF-8' encoding to copy filtered resources.
2026-07-09 11:06:16,533 [Worker-15: Building] INFO  o.e.m.c.i.embedder.EclipseLogger - skip non existing resourceDirectory D:\WorkSpace\QueueDemo\src\main\resources
2026-07-09 11:06:16,535 [Worker-15: Building] INFO  o.e.m.c.i.embedder.EclipseLogger - Using 'UTF-8' encoding to copy filtered resources.
2026-07-09 11:06:16,535 [Worker-15: Building] INFO  o.e.m.c.i.embedder.EclipseLogger - skip non existing resourceDirectory D:\WorkSpace\QueueDemo\src\test\resources
2026-07-09 11:08:42,240 [Worker-7: Building] INFO  o.e.m.c.i.embedder.EclipseLogger - Using 'UTF-8' encoding to copy filtered resources.
2026-07-09 11:08:42,241 [Worker-7: Building] INFO  o.e.m.c.i.embedder.EclipseLogger - skip non existing resourceDirectory D:\WorkSpace\QueueDemo\src\main\resources
2026-07-09 11:08:42,244 [Worker-7: Building] INFO  o.e.m.c.i.embedder.EclipseLogger - Using 'UTF-8' encoding to copy filtered resources.
2026-07-09 11:08:42,244 [Worker-7: Building] INFO  o.e.m.c.i.embedder.EclipseLogger - skip non existing resourceDirectory D:\WorkSpace\QueueDemo\src\test\resources
2026-07-09 11:09:41,176 [Worker-22: Building] INFO  o.e.m.c.i.embedder.EclipseLogger - Using 'UTF-8' encoding to copy filtered resources.
2026-07-09 11:09:41,176 [Worker-22: Building] INFO  o.e.m.c.i.embedder.EclipseLogger - skip non existing resourceDirectory D:\WorkSpace\QueueDemo\src\main\resources
2026-07-09 11:09:41,177 [Worker-22: Building] INFO  o.e.m.c.i.embedder.EclipseLogger - Using 'UTF-8' encoding to copy filtered resources.
2026-07-09 11:09:41,177 [Worker-22: Building] INFO  o.e.m.c.i.embedder.EclipseLogger - skip non existing resourceDirectory D:\WorkSpace\QueueDemo\src\test\resources
2026-07-09 11:13:09,872 [Worker-7: Building] INFO  o.e.m.c.i.embedder.EclipseLogger - Using 'UTF-8' encoding to copy filtered resources.
2026-07-09 11:13:09,872 [Worker-7: Building] INFO  o.e.m.c.i.embedder.EclipseLogger - skip non existing resourceDirectory D:\WorkSpace\QueueDemo\src\main\resources
2026-07-09 11:13:09,874 [Worker-7: Building] INFO  o.e.m.c.i.embedder.EclipseLogger - Using 'UTF-8' encoding to copy filtered resources.
2026-07-09 11:13:09,874 [Worker-7: Building] INFO  o.e.m.c.i.embedder.EclipseLogger - skip non existing resourceDirectory D:\WorkSpace\QueueDemo\src\test\resources
2026-07-09 11:14:00,879 [Worker-20: Building] INFO  o.e.m.c.i.embedder.EclipseLogger - Using 'UTF-8' encoding to copy filtered resources.
2026-07-09 11:14:00,879 [Worker-20: Building] INFO  o.e.m.c.i.embedder.EclipseLogger - skip non existing resourceDirectory D:\WorkSpace\QueueDemo\src\main\resources
2026-07-09 11:14:00,881 [Worker-20: Building] INFO  o.e.m.c.i.embedder.EclipseLogger - Using 'UTF-8' encoding to copy filtered resources.
2026-07-09 11:14:00,881 [Worker-20: Building] INFO  o.e.m.c.i.embedder.EclipseLogger - skip non existing resourceDirectory D:\WorkSpace\QueueDemo\src\test\resources
2026-07-09 11:15:05,210 [Worker-18: Building] INFO  o.e.m.c.i.embedder.EclipseLogger - Using 'UTF-8' encoding to copy filtered resources.
2026-07-09 11:15:05,210 [Worker-18: Building] INFO  o.e.m.c.i.embedder.EclipseLogger - skip non existing resourceDirectory D:\WorkSpace\QueueDemo\src\main\resources
2026-07-09 11:15:05,213 [Worker-18: Building] INFO  o.e.m.c.i.embedder.EclipseLogger - Using 'UTF-8' encoding to copy filtered resources.
2026-07-09 11:15:05,213 [Worker-18: Building] INFO  o.e.m.c.i.embedder.EclipseLogger - skip non existing resourceDirectory D:\WorkSpace\QueueDemo\src\test\resources
2026-07-09 11:15:52,120 [Worker-7: Building] INFO  o.e.m.c.i.embedder.EclipseLogger - Using 'UTF-8' encoding to copy filtered resources.
2026-07-09 11:15:52,121 [Worker-7: Building] INFO  o.e.m.c.i.embedder.EclipseLogger - skip non existing resourceDirectory D:\WorkSpace\QueueDemo\src\main\resources
2026-07-09 11:15:52,124 [Worker-7: Building] INFO  o.e.m.c.i.embedder.EclipseLogger - Using 'UTF-8' encoding to copy filtered resources.
2026-07-09 11:15:52,124 [Worker-7: Building] INFO  o.e.m.c.i.embedder.EclipseLogger - skip non existing resourceDirectory D:\WorkSpace\QueueDemo\src\test\resources
2026-07-09 11:16:55,023 [Worker-18: Building] INFO  o.e.m.c.i.embedder.EclipseLogger - Using 'UTF-8' encoding to copy filtered resources.
2026-07-09 11:16:55,023 [Worker-18: Building] INFO  o.e.m.c.i.embedder.EclipseLogger - skip non existing resourceDirectory D:\WorkSpace\QueueDemo\src\main\resources
2026-07-09 11:16:55,026 [Worker-18: Building] INFO  o.e.m.c.i.embedder.EclipseLogger - Using 'UTF-8' encoding to copy filtered resources.
2026-07-09 11:16:55,026 [Worker-18: Building] INFO  o.e.m.c.i.embedder.EclipseLogger - skip non existing resourceDirectory D:\WorkSpace\QueueDemo\src\test\resources
2026-07-09 11:17:30,279 [Worker-25: Building] INFO  o.e.m.c.i.embedder.EclipseLogger - Using 'UTF-8' encoding to copy filtered resources.
2026-07-09 11:17:30,279 [Worker-25: Building] INFO  o.e.m.c.i.embedder.EclipseLogger - skip non existing resourceDirectory D:\WorkSpace\QueueDemo\src\main\resources
2026-07-09 11:17:30,316 [Worker-25: Building] INFO  o.e.m.c.i.embedder.EclipseLogger - Using 'UTF-8' encoding to copy filtered resources.
2026-07-09 11:17:30,316 [Worker-25: Building] INFO  o.e.m.c.i.embedder.EclipseLogger - skip non existing resourceDirectory D:\WorkSpace\QueueDemo\src\test\resources
2026-07-09 11:20:19,278 [Worker-25: Building] INFO  o.e.m.c.i.embedder.EclipseLogger - Using 'UTF-8' encoding to copy filtered resources.
2026-07-09 11:20:19,278 [Worker-25: Building] INFO  o.e.m.c.i.embedder.EclipseLogger - skip non existing resourceDirectory D:\WorkSpace\QueueDemo\src\main\resources
2026-07-09 11:20:19,279 [Worker-25: Building] INFO  o.e.m.c.i.embedder.EclipseLogger - Using 'UTF-8' encoding to copy filtered resources.
2026-07-09 11:20:19,279 [Worker-25: Building] INFO  o.e.m.c.i.embedder.EclipseLogger - skip non existing resourceDirectory D:\WorkSpace\QueueDemo\src\test\resources
2026-07-09 11:28:37,185 [Worker-25: Building] INFO  o.e.m.c.i.embedder.EclipseLogger - Using 'UTF-8' encoding to copy filtered resources.
2026-07-09 11:28:37,185 [Worker-25: Building] INFO  o.e.m.c.i.embedder.EclipseLogger - skip non existing resourceDirectory D:\WorkSpace\QueueDemo\src\main\resources
2026-07-09 11:28:37,187 [Worker-25: Building] INFO  o.e.m.c.i.embedder.EclipseLogger - Using 'UTF-8' encoding to copy filtered resources.
2026-07-09 11:28:37,187 [Worker-25: Building] INFO  o.e.m.c.i.embedder.EclipseLogger - skip non existing resourceDirectory D:\WorkSpace\QueueDemo\src\test\resources
2026-07-09 11:29:34,899 [Worker-18: Building] INFO  o.e.m.c.i.embedder.EclipseLogger - Using 'UTF-8' encoding to copy filtered resources.
2026-07-09 11:29:34,900 [Worker-18: Building] INFO  o.e.m.c.i.embedder.EclipseLogger - skip non existing resourceDirectory D:\WorkSpace\QueueDemo\src\main\resources
2026-07-09 11:29:34,901 [Worker-18: Building] INFO  o.e.m.c.i.embedder.EclipseLogger - Using 'UTF-8' encoding to copy filtered resources.
2026-07-09 11:29:34,901 [Worker-18: Building] INFO  o.e.m.c.i.embedder.EclipseLogger - skip non existing resourceDirectory D:\WorkSpace\QueueDemo\src\test\resources
2026-07-09 11:32:17,327 [Worker-18: Building] INFO  o.e.m.c.i.embedder.EclipseLogger - Using 'UTF-8' encoding to copy filtered resources.
2026-07-09 11:32:17,327 [Worker-18: Building] INFO  o.e.m.c.i.embedder.EclipseLogger - skip non existing resourceDirectory D:\WorkSpace\QueueDemo\src\main\resources
2026-07-09 11:32:17,329 [Worker-18: Building] INFO  o.e.m.c.i.embedder.EclipseLogger - Using 'UTF-8' encoding to copy filtered resources.
2026-07-09 11:32:17,329 [Worker-18: Building] INFO  o.e.m.c.i.embedder.EclipseLogger - skip non existing resourceDirectory D:\WorkSpace\QueueDemo\src\test\resources
2026-07-09 11:32:40,307 [Worker-24: Building] INFO  o.e.m.c.i.embedder.EclipseLogger - Using 'UTF-8' encoding to copy filtered resources.
2026-07-09 11:32:40,307 [Worker-24: Building] INFO  o.e.m.c.i.embedder.EclipseLogger - skip non existing resourceDirectory D:\WorkSpace\QueueDemo\src\main\resources
2026-07-09 11:32:40,309 [Worker-24: Building] INFO  o.e.m.c.i.embedder.EclipseLogger - Using 'UTF-8' encoding to copy filtered resources.
2026-07-09 11:32:40,309 [Worker-24: Building] INFO  o.e.m.c.i.embedder.EclipseLogger - skip non existing resourceDirectory D:\WorkSpace\QueueDemo\src\test\resources
2026-07-09 11:33:16,893 [Worker-25: Building] INFO  o.e.m.c.i.embedder.EclipseLogger - Using 'UTF-8' encoding to copy filtered resources.
2026-07-09 11:33:16,893 [Worker-25: Building] INFO  o.e.m.c.i.embedder.EclipseLogger - skip non existing resourceDirectory D:\WorkSpace\QueueDemo\src\main\resources
2026-07-09 11:33:16,895 [Worker-25: Building] INFO  o.e.m.c.i.embedder.EclipseLogger - Using 'UTF-8' encoding to copy filtered resources.
2026-07-09 11:33:16,895 [Worker-25: Building] INFO  o.e.m.c.i.embedder.EclipseLogger - skip non existing resourceDirectory D:\WorkSpace\QueueDemo\src\test\resources
2026-07-09 11:33:56,064 [Worker-20: Building] INFO  o.e.m.c.i.embedder.EclipseLogger - Using 'UTF-8' encoding to copy filtered resources.
2026-07-09 11:33:56,065 [Worker-20: Building] INFO  o.e.m.c.i.embedder.EclipseLogger - skip non existing resourceDirectory D:\WorkSpace\QueueDemo\src\main\resources
2026-07-09 11:33:56,066 [Worker-20: Building] INFO  o.e.m.c.i.embedder.EclipseLogger - Using 'UTF-8' encoding to copy filtered resources.
2026-07-09 11:33:56,066 [Worker-20: Building] INFO  o.e.m.c.i.embedder.EclipseLogger - skip non existing resourceDirectory D:\WorkSpace\QueueDemo\src\test\resources
2026-07-09 11:34:10,284 [Worker-25: Building] INFO  o.e.m.c.i.embedder.EclipseLogger - Using 'UTF-8' encoding to copy filtered resources.
2026-07-09 11:34:10,284 [Worker-25: Building] INFO  o.e.m.c.i.embedder.EclipseLogger - skip non existing resourceDirectory D:\WorkSpace\QueueDemo\src\main\resources
2026-07-09 11:34:10,285 [Worker-25: Building] INFO  o.e.m.c.i.embedder.EclipseLogger - Using 'UTF-8' encoding to copy filtered resources.
2026-07-09 11:34:10,285 [Worker-25: Building] INFO  o.e.m.c.i.embedder.EclipseLogger - skip non existing resourceDirectory D:\WorkSpace\QueueDemo\src\test\resources
2026-07-09 11:34:20,857 [Worker-24: Building] INFO  o.e.m.c.i.embedder.EclipseLogger - Using 'UTF-8' encoding to copy filtered resources.
2026-07-09 11:34:20,857 [Worker-24: Building] INFO  o.e.m.c.i.embedder.EclipseLogger - skip non existing resourceDirectory D:\WorkSpace\QueueDemo\src\main\resources
2026-07-09 11:34:20,859 [Worker-24: Building] INFO  o.e.m.c.i.embedder.EclipseLogger - Using 'UTF-8' encoding to copy filtered resources.
2026-07-09 11:34:20,859 [Worker-24: Building] INFO  o.e.m.c.i.embedder.EclipseLogger - skip non existing resourceDirectory D:\WorkSpace\QueueDemo\src\test\resources
2026-07-09 11:34:43,938 [Worker-24: Building] INFO  o.e.m.c.i.embedder.EclipseLogger - Using 'UTF-8' encoding to copy filtered resources.
2026-07-09 11:34:43,938 [Worker-24: Building] INFO  o.e.m.c.i.embedder.EclipseLogger - skip non existing resourceDirectory D:\WorkSpace\QueueDemo\src\main\resources
2026-07-09 11:34:43,940 [Worker-24: Building] INFO  o.e.m.c.i.embedder.EclipseLogger - Using 'UTF-8' encoding to copy filtered resources.
2026-07-09 11:34:43,940 [Worker-24: Building] INFO  o.e.m.c.i.embedder.EclipseLogger - skip non existing resourceDirectory D:\WorkSpace\QueueDemo\src\test\resources
2026-07-09 11:34:55,259 [Worker-7: Building] INFO  o.e.m.c.i.embedder.EclipseLogger - Using 'UTF-8' encoding to copy filtered resources.
2026-07-09 11:34:55,259 [Worker-7: Building] INFO  o.e.m.c.i.embedder.EclipseLogger - skip non existing resourceDirectory D:\WorkSpace\QueueDemo\src\main\resources
2026-07-09 11:34:55,261 [Worker-7: Building] INFO  o.e.m.c.i.embedder.EclipseLogger - Using 'UTF-8' encoding to copy filtered resources.
2026-07-09 11:34:55,261 [Worker-7: Building] INFO  o.e.m.c.i.embedder.EclipseLogger - skip non existing resourceDirectory D:\WorkSpace\QueueDemo\src\test\resources
2026-07-09 11:36:21,780 [Worker-20: Building] INFO  o.e.m.c.i.embedder.EclipseLogger - Using 'UTF-8' encoding to copy filtered resources.
2026-07-09 11:36:21,781 [Worker-20: Building] INFO  o.e.m.c.i.embedder.EclipseLogger - skip non existing resourceDirectory D:\WorkSpace\QueueDemo\src\main\resources
2026-07-09 11:36:21,782 [Worker-20: Building] INFO  o.e.m.c.i.embedder.EclipseLogger - Using 'UTF-8' encoding to copy filtered resources.
2026-07-09 11:36:21,782 [Worker-20: Building] INFO  o.e.m.c.i.embedder.EclipseLogger - skip non existing resourceDirectory D:\WorkSpace\QueueDemo\src\test\resources
2026-07-09 11:36:38,438 [Worker-25: Building] INFO  o.e.m.c.i.embedder.EclipseLogger - Using 'UTF-8' encoding to copy filtered resources.
2026-07-09 11:36:38,438 [Worker-25: Building] INFO  o.e.m.c.i.embedder.EclipseLogger - skip non existing resourceDirectory D:\WorkSpace\QueueDemo\src\main\resources
2026-07-09 11:36:38,439 [Worker-25: Building] INFO  o.e.m.c.i.embedder.EclipseLogger - Using 'UTF-8' encoding to copy filtered resources.
2026-07-09 11:36:38,439 [Worker-25: Building] INFO  o.e.m.c.i.embedder.EclipseLogger - skip non existing resourceDirectory D:\WorkSpace\QueueDemo\src\test\resources
2026-07-09 11:36:42,686 [Worker-26: Building] INFO  o.e.m.c.i.embedder.EclipseLogger - Using 'UTF-8' encoding to copy filtered resources.
2026-07-09 11:36:42,686 [Worker-26: Building] INFO  o.e.m.c.i.embedder.EclipseLogger - skip non existing resourceDirectory D:\WorkSpace\QueueDemo\src\main\resources
2026-07-09 11:36:42,687 [Worker-26: Building] INFO  o.e.m.c.i.embedder.EclipseLogger - Using 'UTF-8' encoding to copy filtered resources.
2026-07-09 11:36:42,687 [Worker-26: Building] INFO  o.e.m.c.i.embedder.EclipseLogger - skip non existing resourceDirectory D:\WorkSpace\QueueDemo\src\test\resources
2026-07-09 11:36:44,432 [Worker-26: Building] INFO  o.e.m.c.i.embedder.EclipseLogger - Using 'UTF-8' encoding to copy filtered resources.
2026-07-09 11:36:44,432 [Worker-26: Building] INFO  o.e.m.c.i.embedder.EclipseLogger - skip non existing resourceDirectory D:\WorkSpace\QueueDemo\src\main\resources
2026-07-09 11:36:44,433 [Worker-26: Building] INFO  o.e.m.c.i.embedder.EclipseLogger - Using 'UTF-8' encoding to copy filtered resources.
2026-07-09 11:36:44,434 [Worker-26: Building] INFO  o.e.m.c.i.embedder.EclipseLogger - skip non existing resourceDirectory D:\WorkSpace\QueueDemo\src\test\resources
2026-07-09 11:37:01,816 [Worker-25: Building] INFO  o.e.m.c.i.embedder.EclipseLogger - Using 'UTF-8' encoding to copy filtered resources.
2026-07-09 11:37:01,817 [Worker-25: Building] INFO  o.e.m.c.i.embedder.EclipseLogger - skip non existing resourceDirectory D:\WorkSpace\QueueDemo\src\main\resources
2026-07-09 11:37:01,818 [Worker-25: Building] INFO  o.e.m.c.i.embedder.EclipseLogger - Using 'UTF-8' encoding to copy filtered resources.
2026-07-09 11:37:01,818 [Worker-25: Building] INFO  o.e.m.c.i.embedder.EclipseLogger - skip non existing resourceDirectory D:\WorkSpace\QueueDemo\src\test\resources
2026-07-09 11:37:28,920 [Worker-25: Building] INFO  o.e.m.c.i.embedder.EclipseLogger - Using 'UTF-8' encoding to copy filtered resources.
2026-07-09 11:37:28,920 [Worker-25: Building] INFO  o.e.m.c.i.embedder.EclipseLogger - skip non existing resourceDirectory D:\WorkSpace\QueueDemo\src\main\resources
2026-07-09 11:37:28,921 [Worker-25: Building] INFO  o.e.m.c.i.embedder.EclipseLogger - Using 'UTF-8' encoding to copy filtered resources.
2026-07-09 11:37:28,921 [Worker-25: Building] INFO  o.e.m.c.i.embedder.EclipseLogger - skip non existing resourceDirectory D:\WorkSpace\QueueDemo\src\test\resources
2026-07-09 11:37:31,032 [Worker-18: Building] INFO  o.e.m.c.i.embedder.EclipseLogger - Using 'UTF-8' encoding to copy filtered resources.
2026-07-09 11:37:31,032 [Worker-18: Building] INFO  o.e.m.c.i.embedder.EclipseLogger - skip non existing resourceDirectory D:\WorkSpace\QueueDemo\src\main\resources
2026-07-09 11:37:31,034 [Worker-18: Building] INFO  o.e.m.c.i.embedder.EclipseLogger - Using 'UTF-8' encoding to copy filtered resources.
2026-07-09 11:37:31,034 [Worker-18: Building] INFO  o.e.m.c.i.embedder.EclipseLogger - skip non existing resourceDirectory D:\WorkSpace\QueueDemo\src\test\resources
2026-07-09 11:37:35,598 [Worker-20: Building] INFO  o.e.m.c.i.embedder.EclipseLogger - Using 'UTF-8' encoding to copy filtered resources.
2026-07-09 11:37:35,598 [Worker-20: Building] INFO  o.e.m.c.i.embedder.EclipseLogger - skip non existing resourceDirectory D:\WorkSpace\QueueDemo\src\main\resources
2026-07-09 11:37:35,599 [Worker-20: Building] INFO  o.e.m.c.i.embedder.EclipseLogger - Using 'UTF-8' encoding to copy filtered resources.
2026-07-09 11:37:35,599 [Worker-20: Building] INFO  o.e.m.c.i.embedder.EclipseLogger - skip non existing resourceDirectory D:\WorkSpace\QueueDemo\src\test\resources
2026-07-09 11:38:01,607 [Worker-7: Building] INFO  o.e.m.c.i.embedder.EclipseLogger - Using 'UTF-8' encoding to copy filtered resources.
2026-07-09 11:38:01,607 [Worker-7: Building] INFO  o.e.m.c.i.embedder.EclipseLogger - skip non existing resourceDirectory D:\WorkSpace\QueueDemo\src\main\resources
2026-07-09 11:38:01,609 [Worker-7: Building] INFO  o.e.m.c.i.embedder.EclipseLogger - Using 'UTF-8' encoding to copy filtered resources.
2026-07-09 11:38:01,609 [Worker-7: Building] INFO  o.e.m.c.i.embedder.EclipseLogger - skip non existing resourceDirectory D:\WorkSpace\QueueDemo\src\test\resources
2026-07-09 12:29:36,548 [Worker-27: Building] INFO  o.e.m.c.i.embedder.EclipseLogger - Using 'UTF-8' encoding to copy filtered resources.
2026-07-09 12:29:36,548 [Worker-27: Building] INFO  o.e.m.c.i.embedder.EclipseLogger - skip non existing resourceDirectory D:\WorkSpace\QueueDemo\src\main\resources
2026-07-09 12:29:36,553 [Worker-27: Building] INFO  o.e.m.c.i.embedder.EclipseLogger - Using 'UTF-8' encoding to copy filtered resources.
2026-07-09 12:29:36,554 [Worker-27: Building] INFO  o.e.m.c.i.embedder.EclipseLogger - skip non existing resourceDirectory D:\WorkSpace\QueueDemo\src\test\resources
2026-07-09 12:46:34,874 [Worker-30: Building] INFO  o.e.m.c.i.embedder.EclipseLogger - Using 'UTF-8' encoding to copy filtered resources.
2026-07-09 12:46:34,875 [Worker-30: Building] INFO  o.e.m.c.i.embedder.EclipseLogger - skip non existing resourceDirectory D:\WorkSpace\QueueDemo\src\main\resources
2026-07-09 12:46:34,878 [Worker-30: Building] INFO  o.e.m.c.i.embedder.EclipseLogger - Using 'UTF-8' encoding to copy filtered resources.
2026-07-09 12:46:34,882 [Worker-30: Building] INFO  o.e.m.c.i.embedder.EclipseLogger - skip non existing resourceDirectory D:\WorkSpace\QueueDemo\src\test\resources
2026-07-09 12:47:12,828 [Worker-35: Building] INFO  o.e.m.c.i.embedder.EclipseLogger - Using 'UTF-8' encoding to copy filtered resources.
2026-07-09 12:47:12,829 [Worker-35: Building] INFO  o.e.m.c.i.embedder.EclipseLogger - skip non existing resourceDirectory D:\WorkSpace\QueueDemo\src\main\resources
2026-07-09 12:47:12,839 [Worker-35: Building] INFO  o.e.m.c.i.embedder.EclipseLogger - Using 'UTF-8' encoding to copy filtered resources.
2026-07-09 12:47:12,840 [Worker-35: Building] INFO  o.e.m.c.i.embedder.EclipseLogger - skip non existing resourceDirectory D:\WorkSpace\QueueDemo\src\test\resources
2026-07-09 12:47:20,527 [Worker-37: Building] INFO  o.e.m.c.i.embedder.EclipseLogger - Using 'UTF-8' encoding to copy filtered resources.
2026-07-09 12:47:20,528 [Worker-37: Building] INFO  o.e.m.c.i.embedder.EclipseLogger - skip non existing resourceDirectory D:\WorkSpace\QueueDemo\src\main\resources
2026-07-09 12:47:20,535 [Worker-37: Building] INFO  o.e.m.c.i.embedder.EclipseLogger - Using 'UTF-8' encoding to copy filtered resources.
2026-07-09 12:47:20,537 [Worker-37: Building] INFO  o.e.m.c.i.embedder.EclipseLogger - skip non existing resourceDirectory D:\WorkSpace\QueueDemo\src\test\resources
2026-07-09 12:49:45,265 [Worker-38: Building] INFO  o.e.m.c.i.embedder.EclipseLogger - Using 'UTF-8' encoding to copy filtered resources.
2026-07-09 12:49:45,266 [Worker-38: Building] INFO  o.e.m.c.i.embedder.EclipseLogger - skip non existing resourceDirectory D:\WorkSpace\QueueDemo\src\main\resources
2026-07-09 12:49:45,268 [Worker-38: Building] INFO  o.e.m.c.i.embedder.EclipseLogger - Using 'UTF-8' encoding to copy filtered resources.
2026-07-09 12:49:45,268 [Worker-38: Building] INFO  o.e.m.c.i.embedder.EclipseLogger - skip non existing resourceDirectory D:\WorkSpace\QueueDemo\src\test\resources
2026-07-09 12:52:39,639 [Worker-37: Building] INFO  o.e.m.c.i.embedder.EclipseLogger - Using 'UTF-8' encoding to copy filtered resources.
2026-07-09 12:52:39,640 [Worker-37: Building] INFO  o.e.m.c.i.embedder.EclipseLogger - skip non existing resourceDirectory D:\WorkSpace\QueueDemo\src\main\resources
2026-07-09 12:52:39,642 [Worker-37: Building] INFO  o.e.m.c.i.embedder.EclipseLogger - Using 'UTF-8' encoding to copy filtered resources.
2026-07-09 12:52:39,642 [Worker-37: Building] INFO  o.e.m.c.i.embedder.EclipseLogger - skip non existing resourceDirectory D:\WorkSpace\QueueDemo\src\test\resources
2026-07-09 12:53:28,061 [Worker-38: Building] INFO  o.e.m.c.i.embedder.EclipseLogger - Using 'UTF-8' encoding to copy filtered resources.
2026-07-09 12:53:28,062 [Worker-38: Building] INFO  o.e.m.c.i.embedder.EclipseLogger - skip non existing resourceDirectory D:\WorkSpace\QueueDemo\src\main\resources
2026-07-09 12:53:28,065 [Worker-38: Building] INFO  o.e.m.c.i.embedder.EclipseLogger - Using 'UTF-8' encoding to copy filtered resources.
2026-07-09 12:53:28,066 [Worker-38: Building] INFO  o.e.m.c.i.embedder.EclipseLogger - skip non existing resourceDirectory D:\WorkSpace\QueueDemo\src\test\resources
2026-07-09 12:54:13,356 [Worker-38: Building] INFO  o.e.m.c.i.embedder.EclipseLogger - Using 'UTF-8' encoding to copy filtered resources.
2026-07-09 12:54:13,357 [Worker-38: Building] INFO  o.e.m.c.i.embedder.EclipseLogger - skip non existing resourceDirectory D:\WorkSpace\QueueDemo\src\main\resources
2026-07-09 12:54:13,360 [Worker-38: Building] INFO  o.e.m.c.i.embedder.EclipseLogger - Using 'UTF-8' encoding to copy filtered resources.
2026-07-09 12:54:13,361 [Worker-38: Building] INFO  o.e.m.c.i.embedder.EclipseLogger - skip non existing resourceDirectory D:\WorkSpace\QueueDemo\src\test\resources
2026-07-09 12:55:44,549 [Worker-37: Building] INFO  o.e.m.c.i.embedder.EclipseLogger - Using 'UTF-8' encoding to copy filtered resources.
2026-07-09 12:55:44,550 [Worker-37: Building] INFO  o.e.m.c.i.embedder.EclipseLogger - skip non existing resourceDirectory D:\WorkSpace\QueueDemo\src\main\resources
2026-07-09 12:55:44,555 [Worker-37: Building] INFO  o.e.m.c.i.embedder.EclipseLogger - Using 'UTF-8' encoding to copy filtered resources.
2026-07-09 12:55:44,555 [Worker-37: Building] INFO  o.e.m.c.i.embedder.EclipseLogger - skip non existing resourceDirectory D:\WorkSpace\QueueDemo\src\test\resources
2026-07-09 12:56:29,188 [Worker-40: Building] INFO  o.e.m.c.i.embedder.EclipseLogger - Using 'UTF-8' encoding to copy filtered resources.
2026-07-09 12:56:29,190 [Worker-40: Building] INFO  o.e.m.c.i.embedder.EclipseLogger - skip non existing resourceDirectory D:\WorkSpace\QueueDemo\src\main\resources
2026-07-09 12:56:29,194 [Worker-40: Building] INFO  o.e.m.c.i.embedder.EclipseLogger - Using 'UTF-8' encoding to copy filtered resources.
2026-07-09 12:56:29,194 [Worker-40: Building] INFO  o.e.m.c.i.embedder.EclipseLogger - skip non existing resourceDirectory D:\WorkSpace\QueueDemo\src\test\resources
2026-07-09 12:56:48,252 [Worker-39: Building] INFO  o.e.m.c.i.embedder.EclipseLogger - Using 'UTF-8' encoding to copy filtered resources.
2026-07-09 12:56:48,253 [Worker-39: Building] INFO  o.e.m.c.i.embedder.EclipseLogger - skip non existing resourceDirectory D:\WorkSpace\QueueDemo\src\main\resources
2026-07-09 12:56:48,259 [Worker-39: Building] INFO  o.e.m.c.i.embedder.EclipseLogger - Using 'UTF-8' encoding to copy filtered resources.
2026-07-09 12:56:48,260 [Worker-39: Building] INFO  o.e.m.c.i.embedder.EclipseLogger - skip non existing resourceDirectory D:\WorkSpace\QueueDemo\src\test\resources
2026-07-09 12:57:01,181 [Worker-41: Building] INFO  o.e.m.c.i.embedder.EclipseLogger - Using 'UTF-8' encoding to copy filtered resources.
2026-07-09 12:57:01,181 [Worker-41: Building] INFO  o.e.m.c.i.embedder.EclipseLogger - skip non existing resourceDirectory D:\WorkSpace\QueueDemo\src\main\resources
2026-07-09 12:57:01,182 [Worker-41: Building] INFO  o.e.m.c.i.embedder.EclipseLogger - Using 'UTF-8' encoding to copy filtered resources.
2026-07-09 12:57:01,182 [Worker-41: Building] INFO  o.e.m.c.i.embedder.EclipseLogger - skip non existing resourceDirectory D:\WorkSpace\QueueDemo\src\test\resources
2026-07-09 12:57:37,487 [Worker-41: Building] INFO  o.e.m.c.i.embedder.EclipseLogger - Using 'UTF-8' encoding to copy filtered resources.
2026-07-09 12:57:37,488 [Worker-41: Building] INFO  o.e.m.c.i.embedder.EclipseLogger - skip non existing resourceDirectory D:\WorkSpace\QueueDemo\src\main\resources
2026-07-09 12:57:37,490 [Worker-41: Building] INFO  o.e.m.c.i.embedder.EclipseLogger - Using 'UTF-8' encoding to copy filtered resources.
2026-07-09 12:57:37,490 [Worker-41: Building] INFO  o.e.m.c.i.embedder.EclipseLogger - skip non existing resourceDirectory D:\WorkSpace\QueueDemo\src\test\resources
2026-07-09 13:00:26,816 [Worker-40: Building] INFO  o.e.m.c.i.embedder.EclipseLogger - Using 'UTF-8' encoding to copy filtered resources.
2026-07-09 13:00:26,816 [Worker-40: Building] INFO  o.e.m.c.i.embedder.EclipseLogger - skip non existing resourceDirectory D:\WorkSpace\QueueDemo\src\main\resources
2026-07-09 13:00:26,818 [Worker-40: Building] INFO  o.e.m.c.i.embedder.EclipseLogger - Using 'UTF-8' encoding to copy filtered resources.
2026-07-09 13:00:26,818 [Worker-40: Building] INFO  o.e.m.c.i.embedder.EclipseLogger - skip non existing resourceDirectory D:\WorkSpace\QueueDemo\src\test\resources
2026-07-09 13:01:29,826 [Worker-35: Building] INFO  o.e.m.c.i.embedder.EclipseLogger - Using 'UTF-8' encoding to copy filtered resources.
2026-07-09 13:01:29,827 [Worker-35: Building] INFO  o.e.m.c.i.embedder.EclipseLogger - skip non existing resourceDirectory D:\WorkSpace\QueueDemo\src\main\resources
2026-07-09 13:01:29,829 [Worker-35: Building] INFO  o.e.m.c.i.embedder.EclipseLogger - Using 'UTF-8' encoding to copy filtered resources.
2026-07-09 13:01:29,829 [Worker-35: Building] INFO  o.e.m.c.i.embedder.EclipseLogger - skip non existing resourceDirectory D:\WorkSpace\QueueDemo\src\test\resources
2026-07-09 13:11:14,483 [Worker-45: Building] INFO  o.e.m.c.i.embedder.EclipseLogger - Using 'UTF-8' encoding to copy filtered resources.
2026-07-09 13:11:14,483 [Worker-45: Building] INFO  o.e.m.c.i.embedder.EclipseLogger - skip non existing resourceDirectory D:\WorkSpace\QueueDemo\src\main\resources
2026-07-09 13:11:14,485 [Worker-45: Building] INFO  o.e.m.c.i.embedder.EclipseLogger - Using 'UTF-8' encoding to copy filtered resources.
2026-07-09 13:11:14,485 [Worker-45: Building] INFO  o.e.m.c.i.embedder.EclipseLogger - skip non existing resourceDirectory D:\WorkSpace\QueueDemo\src\test\resources
2026-07-09 13:11:37,936 [Worker-46: Building] INFO  o.e.m.c.i.embedder.EclipseLogger - Using 'UTF-8' encoding to copy filtered resources.
2026-07-09 13:11:37,936 [Worker-46: Building] INFO  o.e.m.c.i.embedder.EclipseLogger - skip non existing resourceDirectory D:\WorkSpace\QueueDemo\src\main\resources
2026-07-09 13:11:37,939 [Worker-46: Building] INFO  o.e.m.c.i.embedder.EclipseLogger - Using 'UTF-8' encoding to copy filtered resources.
2026-07-09 13:11:37,940 [Worker-46: Building] INFO  o.e.m.c.i.embedder.EclipseLogger - skip non existing resourceDirectory D:\WorkSpace\QueueDemo\src\test\resources
2026-07-09 13:13:01,309 [Worker-47: Building] INFO  o.e.m.c.i.embedder.EclipseLogger - Using 'UTF-8' encoding to copy filtered resources.
2026-07-09 13:13:01,341 [Worker-47: Building] INFO  o.e.m.c.i.embedder.EclipseLogger - skip non existing resourceDirectory D:\WorkSpace\QueueDemo\src\main\resources
2026-07-09 13:13:01,344 [Worker-47: Building] INFO  o.e.m.c.i.embedder.EclipseLogger - Using 'UTF-8' encoding to copy filtered resources.
2026-07-09 13:13:01,344 [Worker-47: Building] INFO  o.e.m.c.i.embedder.EclipseLogger - skip non existing resourceDirectory D:\WorkSpace\QueueDemo\src\test\resources
2026-07-09 13:13:21,685 [Worker-46: Building] INFO  o.e.m.c.i.embedder.EclipseLogger - Using 'UTF-8' encoding to copy filtered resources.
2026-07-09 13:13:21,685 [Worker-46: Building] INFO  o.e.m.c.i.embedder.EclipseLogger - skip non existing resourceDirectory D:\WorkSpace\QueueDemo\src\main\resources
2026-07-09 13:13:21,689 [Worker-46: Building] INFO  o.e.m.c.i.embedder.EclipseLogger - Using 'UTF-8' encoding to copy filtered resources.
2026-07-09 13:13:21,690 [Worker-46: Building] INFO  o.e.m.c.i.embedder.EclipseLogger - skip non existing resourceDirectory D:\WorkSpace\QueueDemo\src\test\resources
2026-07-09 13:13:39,225 [Worker-43: Building] INFO  o.e.m.c.i.embedder.EclipseLogger - Using 'UTF-8' encoding to copy filtered resources.
2026-07-09 13:13:39,226 [Worker-43: Building] INFO  o.e.m.c.i.embedder.EclipseLogger - skip non existing resourceDirectory D:\WorkSpace\QueueDemo\src\main\resources
2026-07-09 13:13:39,228 [Worker-43: Building] INFO  o.e.m.c.i.embedder.EclipseLogger - Using 'UTF-8' encoding to copy filtered resources.
2026-07-09 13:13:39,228 [Worker-43: Building] INFO  o.e.m.c.i.embedder.EclipseLogger - skip non existing resourceDirectory D:\WorkSpace\QueueDemo\src\test\resources
2026-07-09 13:15:47,753 [Worker-48: Building] INFO  o.e.m.c.i.embedder.EclipseLogger - Using 'UTF-8' encoding to copy filtered resources.
2026-07-09 13:15:47,754 [Worker-48: Building] INFO  o.e.m.c.i.embedder.EclipseLogger - skip non existing resourceDirectory D:\WorkSpace\QueueDemo\src\main\resources
2026-07-09 13:15:47,755 [Worker-48: Building] INFO  o.e.m.c.i.embedder.EclipseLogger - Using 'UTF-8' encoding to copy filtered resources.
2026-07-09 13:15:47,755 [Worker-48: Building] INFO  o.e.m.c.i.embedder.EclipseLogger - skip non existing resourceDirectory D:\WorkSpace\QueueDemo\src\test\resources
2026-07-09 13:15:56,220 [Worker-46: Building] INFO  o.e.m.c.i.embedder.EclipseLogger - Using 'UTF-8' encoding to copy filtered resources.
2026-07-09 13:15:56,220 [Worker-46: Building] INFO  o.e.m.c.i.embedder.EclipseLogger - skip non existing resourceDirectory D:\WorkSpace\QueueDemo\src\main\resources
2026-07-09 13:15:56,225 [Worker-46: Building] INFO  o.e.m.c.i.embedder.EclipseLogger - Using 'UTF-8' encoding to copy filtered resources.
2026-07-09 13:15:56,225 [Worker-46: Building] INFO  o.e.m.c.i.embedder.EclipseLogger - skip non existing resourceDirectory D:\WorkSpace\QueueDemo\src\test\resources
2026-07-09 13:16:15,848 [Worker-46: Building] INFO  o.e.m.c.i.embedder.EclipseLogger - Using 'UTF-8' encoding to copy filtered resources.
2026-07-09 13:16:15,848 [Worker-46: Building] INFO  o.e.m.c.i.embedder.EclipseLogger - skip non existing resourceDirectory D:\WorkSpace\QueueDemo\src\main\resources
2026-07-09 13:16:15,850 [Worker-46: Building] INFO  o.e.m.c.i.embedder.EclipseLogger - Using 'UTF-8' encoding to copy filtered resources.
2026-07-09 13:16:15,850 [Worker-46: Building] INFO  o.e.m.c.i.embedder.EclipseLogger - skip non existing resourceDirectory D:\WorkSpace\QueueDemo\src\test\resources
2026-07-09 13:16:30,699 [Worker-43: Building] INFO  o.e.m.c.i.embedder.EclipseLogger - Using 'UTF-8' encoding to copy filtered resources.
2026-07-09 13:16:30,699 [Worker-43: Building] INFO  o.e.m.c.i.embedder.EclipseLogger - skip non existing resourceDirectory D:\WorkSpace\QueueDemo\src\main\resources
2026-07-09 13:16:30,700 [Worker-43: Building] INFO  o.e.m.c.i.embedder.EclipseLogger - Using 'UTF-8' encoding to copy filtered resources.
2026-07-09 13:16:30,700 [Worker-43: Building] INFO  o.e.m.c.i.embedder.EclipseLogger - skip non existing resourceDirectory D:\WorkSpace\QueueDemo\src\test\resources
2026-07-10 11:49:42,599 [Worker-3: Loading available Gradle versions] INFO  o.e.b.c.i.u.g.PublishedGradleVersions - Gradle version information cache is out-of-date. Trying to update.
2026-07-10 12:15:18,977 [Worker-27: Building] INFO  o.e.m.c.i.embedder.EclipseLogger - Using 'UTF-8' encoding to copy filtered resources.
2026-07-10 12:15:18,978 [Worker-27: Building] INFO  o.e.m.c.i.embedder.EclipseLogger - skip non existing resourceDirectory D:\WorkSpace\QueueDemo\src\main\resources
2026-07-10 12:15:18,984 [Worker-27: Building] INFO  o.e.m.c.i.embedder.EclipseLogger - Using 'UTF-8' encoding to copy filtered resources.
2026-07-10 12:15:18,984 [Worker-27: Building] INFO  o.e.m.c.i.embedder.EclipseLogger - skip non existing resourceDirectory D:\WorkSpace\QueueDemo\src\test\resources
2026-07-10 12:15:21,668 [Worker-31: Building] INFO  o.e.m.c.i.embedder.EclipseLogger - Using 'UTF-8' encoding to copy filtered resources.
2026-07-10 12:15:21,668 [Worker-31: Building] INFO  o.e.m.c.i.embedder.EclipseLogger - skip non existing resourceDirectory D:\WorkSpace\QueueDemo\src\main\resources
2026-07-10 12:15:21,670 [Worker-31: Building] INFO  o.e.m.c.i.embedder.EclipseLogger - Using 'UTF-8' encoding to copy filtered resources.
2026-07-10 12:15:21,670 [Worker-31: Building] INFO  o.e.m.c.i.embedder.EclipseLogger - skip non existing resourceDirectory D:\WorkSpace\QueueDemo\src\test\resources
2026-07-10 12:22:58,554 [Worker-32: Building] INFO  o.e.m.c.i.embedder.EclipseLogger - Using 'UTF-8' encoding to copy filtered resources.
2026-07-10 12:22:58,554 [Worker-32: Building] INFO  o.e.m.c.i.embedder.EclipseLogger - skip non existing resourceDirectory D:\WorkSpace\QueueDemo\src\main\resources
2026-07-10 12:22:58,557 [Worker-32: Building] INFO  o.e.m.c.i.embedder.EclipseLogger - Using 'UTF-8' encoding to copy filtered resources.
2026-07-10 12:22:58,557 [Worker-32: Building] INFO  o.e.m.c.i.embedder.EclipseLogger - skip non existing resourceDirectory D:\WorkSpace\QueueDemo\src\test\resources
2026-07-10 12:23:08,209 [Worker-32: Building] INFO  o.e.m.c.i.embedder.EclipseLogger - Using 'UTF-8' encoding to copy filtered resources.
2026-07-10 12:23:08,209 [Worker-32: Building] INFO  o.e.m.c.i.embedder.EclipseLogger - skip non existing resourceDirectory D:\WorkSpace\QueueDemo\src\main\resources
2026-07-10 12:23:08,210 [Worker-32: Building] INFO  o.e.m.c.i.embedder.EclipseLogger - Using 'UTF-8' encoding to copy filtered resources.
2026-07-10 12:23:08,210 [Worker-32: Building] INFO  o.e.m.c.i.embedder.EclipseLogger - skip non existing resourceDirectory D:\WorkSpace\QueueDemo\src\test\resources
2026-07-10 12:23:41,719 [Worker-30: Building] INFO  o.e.m.c.i.embedder.EclipseLogger - Using 'UTF-8' encoding to copy filtered resources.
2026-07-10 12:23:41,719 [Worker-30: Building] INFO  o.e.m.c.i.embedder.EclipseLogger - skip non existing resourceDirectory D:\WorkSpace\QueueDemo\src\main\resources
2026-07-10 12:23:41,720 [Worker-30: Building] INFO  o.e.m.c.i.embedder.EclipseLogger - Using 'UTF-8' encoding to copy filtered resources.
2026-07-10 12:23:41,720 [Worker-30: Building] INFO  o.e.m.c.i.embedder.EclipseLogger - skip non existing resourceDirectory D:\WorkSpace\QueueDemo\src\test\resources
2026-07-10 12:29:57,906 [Worker-35: Building] INFO  o.e.m.c.i.embedder.EclipseLogger - Using 'UTF-8' encoding to copy filtered resources.
2026-07-10 12:29:57,906 [Worker-35: Building] INFO  o.e.m.c.i.embedder.EclipseLogger - skip non existing resourceDirectory D:\WorkSpace\QueueDemo\src\main\resources
2026-07-10 12:29:57,907 [Worker-35: Building] INFO  o.e.m.c.i.embedder.EclipseLogger - Using 'UTF-8' encoding to copy filtered resources.
2026-07-10 12:29:57,907 [Worker-35: Building] INFO  o.e.m.c.i.embedder.EclipseLogger - skip non existing resourceDirectory D:\WorkSpace\QueueDemo\src\test\resources
2026-07-10 12:42:28,115 [Worker-36: Building] INFO  o.e.m.c.i.embedder.EclipseLogger - Using 'UTF-8' encoding to copy filtered resources.
2026-07-10 12:42:28,115 [Worker-36: Building] INFO  o.e.m.c.i.embedder.EclipseLogger - skip non existing resourceDirectory D:\WorkSpace\QueueDemo\src\main\resources
2026-07-10 12:42:28,117 [Worker-36: Building] INFO  o.e.m.c.i.embedder.EclipseLogger - Using 'UTF-8' encoding to copy filtered resources.
2026-07-10 12:42:28,117 [Worker-36: Building] INFO  o.e.m.c.i.embedder.EclipseLogger - skip non existing resourceDirectory D:\WorkSpace\QueueDemo\src\test\resources
2026-07-10 12:42:40,927 [Worker-39: Building] INFO  o.e.m.c.i.embedder.EclipseLogger - Using 'UTF-8' encoding to copy filtered resources.
2026-07-10 12:42:40,927 [Worker-39: Building] INFO  o.e.m.c.i.embedder.EclipseLogger - skip non existing resourceDirectory D:\WorkSpace\QueueDemo\src\main\resources
2026-07-10 12:42:40,930 [Worker-39: Building] INFO  o.e.m.c.i.embedder.EclipseLogger - Using 'UTF-8' encoding to copy filtered resources.
2026-07-10 12:42:40,930 [Worker-39: Building] INFO  o.e.m.c.i.embedder.EclipseLogger - skip non existing resourceDirectory D:\WorkSpace\QueueDemo\src\test\resources
2026-07-10 12:42:52,616 [Worker-40: Building] INFO  o.e.m.c.i.embedder.EclipseLogger - Using 'UTF-8' encoding to copy filtered resources.
2026-07-10 12:42:52,616 [Worker-40: Building] INFO  o.e.m.c.i.embedder.EclipseLogger - skip non existing resourceDirectory D:\WorkSpace\QueueDemo\src\main\resources
2026-07-10 12:42:52,618 [Worker-40: Building] INFO  o.e.m.c.i.embedder.EclipseLogger - Using 'UTF-8' encoding to copy filtered resources.
2026-07-10 12:42:52,618 [Worker-40: Building] INFO  o.e.m.c.i.embedder.EclipseLogger - skip non existing resourceDirectory D:\WorkSpace\QueueDemo\src\test\resources
2026-07-10 12:43:16,173 [Worker-36: Building] INFO  o.e.m.c.i.embedder.EclipseLogger - Using 'UTF-8' encoding to copy filtered resources.
2026-07-10 12:43:16,173 [Worker-36: Building] INFO  o.e.m.c.i.embedder.EclipseLogger - skip non existing resourceDirectory D:\WorkSpace\QueueDemo\src\main\resources
2026-07-10 12:43:16,174 [Worker-36: Building] INFO  o.e.m.c.i.embedder.EclipseLogger - Using 'UTF-8' encoding to copy filtered resources.
2026-07-10 12:43:16,174 [Worker-36: Building] INFO  o.e.m.c.i.embedder.EclipseLogger - skip non existing resourceDirectory D:\WorkSpace\QueueDemo\src\test\resources
2026-07-10 13:30:10,595 [Worker-53: Building] INFO  o.e.m.c.i.embedder.EclipseLogger - Using 'UTF-8' encoding to copy filtered resources.
2026-07-10 13:30:10,597 [Worker-53: Building] INFO  o.e.m.c.i.embedder.EclipseLogger - skip non existing resourceDirectory D:\WorkSpace\QueueDemo\src\main\resources
2026-07-10 13:30:10,598 [Worker-53: Building] INFO  o.e.m.c.i.embedder.EclipseLogger - Using 'UTF-8' encoding to copy filtered resources.
2026-07-10 13:30:10,599 [Worker-53: Building] INFO  o.e.m.c.i.embedder.EclipseLogger - skip non existing resourceDirectory D:\WorkSpace\QueueDemo\src\test\resources
2026-07-10 13:30:19,804 [Worker-53: Building] INFO  o.e.m.c.i.embedder.EclipseLogger - Using 'UTF-8' encoding to copy filtered resources.
2026-07-10 13:30:19,804 [Worker-53: Building] INFO  o.e.m.c.i.embedder.EclipseLogger - skip non existing resourceDirectory D:\WorkSpace\QueueDemo\src\main\resources
2026-07-10 13:30:19,808 [Worker-53: Building] INFO  o.e.m.c.i.embedder.EclipseLogger - Using 'UTF-8' encoding to copy filtered resources.
2026-07-10 13:30:19,808 [Worker-53: Building] INFO  o.e.m.c.i.embedder.EclipseLogger - skip non existing resourceDirectory D:\WorkSpace\QueueDemo\src\test\resources
2026-07-10 13:31:00,763 [Worker-54: Building] INFO  o.e.m.c.i.embedder.EclipseLogger - Using 'UTF-8' encoding to copy filtered resources.
2026-07-10 13:31:00,763 [Worker-54: Building] INFO  o.e.m.c.i.embedder.EclipseLogger - skip non existing resourceDirectory D:\WorkSpace\QueueDemo\src\main\resources
2026-07-10 13:31:00,765 [Worker-54: Building] INFO  o.e.m.c.i.embedder.EclipseLogger - Using 'UTF-8' encoding to copy filtered resources.
2026-07-10 13:31:00,765 [Worker-54: Building] INFO  o.e.m.c.i.embedder.EclipseLogger - skip non existing resourceDirectory D:\WorkSpace\QueueDemo\src\test\resources
2026-07-10 13:49:35,158 [Worker-55: Building] INFO  o.e.m.c.i.embedder.EclipseLogger - Using 'UTF-8' encoding to copy filtered resources.
2026-07-10 13:49:35,159 [Worker-55: Building] INFO  o.e.m.c.i.embedder.EclipseLogger - skip non existing resourceDirectory D:\WorkSpace\QueueDemo\src\main\resources
2026-07-10 13:49:35,160 [Worker-55: Building] INFO  o.e.m.c.i.embedder.EclipseLogger - Using 'UTF-8' encoding to copy filtered resources.
2026-07-10 13:49:35,160 [Worker-55: Building] INFO  o.e.m.c.i.embedder.EclipseLogger - skip non existing resourceDirectory D:\WorkSpace\QueueDemo\src\test\resources
2026-07-10 13:49:49,656 [Worker-56: Building] INFO  o.e.m.c.i.embedder.EclipseLogger - Using 'UTF-8' encoding to copy filtered resources.
2026-07-10 13:49:49,656 [Worker-56: Building] INFO  o.e.m.c.i.embedder.EclipseLogger - skip non existing resourceDirectory D:\WorkSpace\QueueDemo\src\main\resources
2026-07-10 13:49:49,657 [Worker-56: Building] INFO  o.e.m.c.i.embedder.EclipseLogger - Using 'UTF-8' encoding to copy filtered resources.
2026-07-10 13:49:49,657 [Worker-56: Building] INFO  o.e.m.c.i.embedder.EclipseLogger - skip non existing resourceDirectory D:\WorkSpace\QueueDemo\src\test\resources
2026-07-10 13:50:14,474 [Worker-54: Building] INFO  o.e.m.c.i.embedder.EclipseLogger - Using 'UTF-8' encoding to copy filtered resources.
2026-07-10 13:50:14,474 [Worker-54: Building] INFO  o.e.m.c.i.embedder.EclipseLogger - skip non existing resourceDirectory D:\WorkSpace\QueueDemo\src\main\resources
2026-07-10 13:50:14,475 [Worker-54: Building] INFO  o.e.m.c.i.embedder.EclipseLogger - Using 'UTF-8' encoding to copy filtered resources.
2026-07-10 13:50:14,475 [Worker-54: Building] INFO  o.e.m.c.i.embedder.EclipseLogger - skip non existing resourceDirectory D:\WorkSpace\QueueDemo\src\test\resources
2026-07-10 13:50:28,727 [Worker-53: Building] INFO  o.e.m.c.i.embedder.EclipseLogger - Using 'UTF-8' encoding to copy filtered resources.
2026-07-10 13:50:28,727 [Worker-53: Building] INFO  o.e.m.c.i.embedder.EclipseLogger - skip non existing resourceDirectory D:\WorkSpace\QueueDemo\src\main\resources
2026-07-10 13:50:28,728 [Worker-53: Building] INFO  o.e.m.c.i.embedder.EclipseLogger - Using 'UTF-8' encoding to copy filtered resources.
2026-07-10 13:50:28,728 [Worker-53: Building] INFO  o.e.m.c.i.embedder.EclipseLogger - skip non existing resourceDirectory D:\WorkSpace\QueueDemo\src\test\resources
2026-07-10 15:38:09,642 [Worker-75: Launching mavenrun-7cfc9fed-b46f-4eea-9cde-cf7fd300bbaf] INFO  o.eclipse.m2e.core.internal.Bundles - getClasspathEntries(Bundle=org.eclipse.m2e.maven.runtime_3.9.500.20231113-2345 [629])
2026-07-10 15:38:09,649 [Worker-75: Launching mavenrun-7cfc9fed-b46f-4eea-9cde-cf7fd300bbaf] INFO  o.eclipse.m2e.core.internal.Bundles - 	Entry: C:\eclipse-jee-2023-12-R-win32-x86_64\eclipse\plugins\org.eclipse.m2e.maven.runtime_3.9.500.20231113-2345
2026-07-10 15:38:09,650 [Worker-75: Launching mavenrun-7cfc9fed-b46f-4eea-9cde-cf7fd300bbaf] INFO  o.eclipse.m2e.core.internal.Bundles - 	Entry: C:\eclipse-jee-2023-12-R-win32-x86_64\eclipse\plugins\org.eclipse.m2e.maven.runtime_3.9.500.20231113-2345\jars\aopalliance-1.0.jar
2026-07-10 15:38:09,652 [Worker-75: Launching mavenrun-7cfc9fed-b46f-4eea-9cde-cf7fd300bbaf] INFO  o.eclipse.m2e.core.internal.Bundles - 	Entry: C:\eclipse-jee-2023-12-R-win32-x86_64\eclipse\plugins\org.eclipse.m2e.maven.runtime_3.9.500.20231113-2345\jars\guice-5.1.0.jar
2026-07-10 15:38:09,653 [Worker-75: Launching mavenrun-7cfc9fed-b46f-4eea-9cde-cf7fd300bbaf] INFO  o.eclipse.m2e.core.internal.Bundles - 	Entry: C:\eclipse-jee-2023-12-R-win32-x86_64\eclipse\plugins\org.eclipse.m2e.maven.runtime_3.9.500.20231113-2345\jars\httpclient-4.5.14.jar
2026-07-10 15:38:09,653 [Worker-75: Launching mavenrun-7cfc9fed-b46f-4eea-9cde-cf7fd300bbaf] INFO  o.eclipse.m2e.core.internal.Bundles - 	Entry: C:\eclipse-jee-2023-12-R-win32-x86_64\eclipse\plugins\org.eclipse.m2e.maven.runtime_3.9.500.20231113-2345\jars\httpcore-4.4.16.jar
2026-07-10 15:38:09,654 [Worker-75: Launching mavenrun-7cfc9fed-b46f-4eea-9cde-cf7fd300bbaf] INFO  o.eclipse.m2e.core.internal.Bundles - 	Entry: C:\eclipse-jee-2023-12-R-win32-x86_64\eclipse\plugins\org.eclipse.m2e.maven.runtime_3.9.500.20231113-2345\jars\jansi-2.4.0.jar
2026-07-10 15:38:09,654 [Worker-75: Launching mavenrun-7cfc9fed-b46f-4eea-9cde-cf7fd300bbaf] INFO  o.eclipse.m2e.core.internal.Bundles - 	Entry: C:\eclipse-jee-2023-12-R-win32-x86_64\eclipse\plugins\org.eclipse.m2e.maven.runtime_3.9.500.20231113-2345\jars\jcl-over-slf4j-1.7.36.jar
2026-07-10 15:38:09,654 [Worker-75: Launching mavenrun-7cfc9fed-b46f-4eea-9cde-cf7fd300bbaf] INFO  o.eclipse.m2e.core.internal.Bundles - 	Entry: C:\eclipse-jee-2023-12-R-win32-x86_64\eclipse\plugins\org.eclipse.m2e.maven.runtime_3.9.500.20231113-2345\jars\maven-artifact-3.9.5.jar
2026-07-10 15:38:09,656 [Worker-75: Launching mavenrun-7cfc9fed-b46f-4eea-9cde-cf7fd300bbaf] INFO  o.eclipse.m2e.core.internal.Bundles - 	Entry: C:\eclipse-jee-2023-12-R-win32-x86_64\eclipse\plugins\org.eclipse.m2e.maven.runtime_3.9.500.20231113-2345\jars\maven-builder-support-3.9.5.jar
2026-07-10 15:38:09,656 [Worker-75: Launching mavenrun-7cfc9fed-b46f-4eea-9cde-cf7fd300bbaf] INFO  o.eclipse.m2e.core.internal.Bundles - 	Entry: C:\eclipse-jee-2023-12-R-win32-x86_64\eclipse\plugins\org.eclipse.m2e.maven.runtime_3.9.500.20231113-2345\jars\maven-compat-3.9.5.jar
2026-07-10 15:38:09,656 [Worker-75: Launching mavenrun-7cfc9fed-b46f-4eea-9cde-cf7fd300bbaf] INFO  o.eclipse.m2e.core.internal.Bundles - 	Entry: C:\eclipse-jee-2023-12-R-win32-x86_64\eclipse\plugins\org.eclipse.m2e.maven.runtime_3.9.500.20231113-2345\jars\maven-core-3.9.5.jar
2026-07-10 15:38:09,657 [Worker-75: Launching mavenrun-7cfc9fed-b46f-4eea-9cde-cf7fd300bbaf] INFO  o.eclipse.m2e.core.internal.Bundles - 	Entry: C:\eclipse-jee-2023-12-R-win32-x86_64\eclipse\plugins\org.eclipse.m2e.maven.runtime_3.9.500.20231113-2345\jars\maven-embedder-3.9.5.jar
2026-07-10 15:38:09,657 [Worker-75: Launching mavenrun-7cfc9fed-b46f-4eea-9cde-cf7fd300bbaf] INFO  o.eclipse.m2e.core.internal.Bundles - 	Entry: C:\eclipse-jee-2023-12-R-win32-x86_64\eclipse\plugins\org.eclipse.m2e.maven.runtime_3.9.500.20231113-2345\jars\maven-model-3.9.5.jar
2026-07-10 15:38:09,658 [Worker-75: Launching mavenrun-7cfc9fed-b46f-4eea-9cde-cf7fd300bbaf] INFO  o.eclipse.m2e.core.internal.Bundles - 	Entry: C:\eclipse-jee-2023-12-R-win32-x86_64\eclipse\plugins\org.eclipse.m2e.maven.runtime_3.9.500.20231113-2345\jars\maven-model-builder-3.9.5.jar
2026-07-10 15:38:09,658 [Worker-75: Launching mavenrun-7cfc9fed-b46f-4eea-9cde-cf7fd300bbaf] INFO  o.eclipse.m2e.core.internal.Bundles - 	Entry: C:\eclipse-jee-2023-12-R-win32-x86_64\eclipse\plugins\org.eclipse.m2e.maven.runtime_3.9.500.20231113-2345\jars\maven-plugin-api-3.9.5.jar
2026-07-10 15:38:09,659 [Worker-75: Launching mavenrun-7cfc9fed-b46f-4eea-9cde-cf7fd300bbaf] INFO  o.eclipse.m2e.core.internal.Bundles - 	Entry: C:\eclipse-jee-2023-12-R-win32-x86_64\eclipse\plugins\org.eclipse.m2e.maven.runtime_3.9.500.20231113-2345\jars\maven-repository-metadata-3.9.5.jar
2026-07-10 15:38:09,659 [Worker-75: Launching mavenrun-7cfc9fed-b46f-4eea-9cde-cf7fd300bbaf] INFO  o.eclipse.m2e.core.internal.Bundles - 	Entry: C:\eclipse-jee-2023-12-R-win32-x86_64\eclipse\plugins\org.eclipse.m2e.maven.runtime_3.9.500.20231113-2345\jars\maven-resolver-api-1.9.16.jar
2026-07-10 15:38:09,659 [Worker-75: Launching mavenrun-7cfc9fed-b46f-4eea-9cde-cf7fd300bbaf] INFO  o.eclipse.m2e.core.internal.Bundles - 	Entry: C:\eclipse-jee-2023-12-R-win32-x86_64\eclipse\plugins\org.eclipse.m2e.maven.runtime_3.9.500.20231113-2345\jars\maven-resolver-connector-basic-1.9.16.jar
2026-07-10 15:38:09,659 [Worker-75: Launching mavenrun-7cfc9fed-b46f-4eea-9cde-cf7fd300bbaf] INFO  o.eclipse.m2e.core.internal.Bundles - 	Entry: C:\eclipse-jee-2023-12-R-win32-x86_64\eclipse\plugins\org.eclipse.m2e.maven.runtime_3.9.500.20231113-2345\jars\maven-resolver-impl-1.9.16.jar
2026-07-10 15:38:09,659 [Worker-75: Launching mavenrun-7cfc9fed-b46f-4eea-9cde-cf7fd300bbaf] INFO  o.eclipse.m2e.core.internal.Bundles - 	Entry: C:\eclipse-jee-2023-12-R-win32-x86_64\eclipse\plugins\org.eclipse.m2e.maven.runtime_3.9.500.20231113-2345\jars\maven-resolver-named-locks-1.9.16.jar
2026-07-10 15:38:09,660 [Worker-75: Launching mavenrun-7cfc9fed-b46f-4eea-9cde-cf7fd300bbaf] INFO  o.eclipse.m2e.core.internal.Bundles - 	Entry: C:\eclipse-jee-2023-12-R-win32-x86_64\eclipse\plugins\org.eclipse.m2e.maven.runtime_3.9.500.20231113-2345\jars\maven-resolver-provider-3.9.5.jar
2026-07-10 15:38:09,660 [Worker-75: Launching mavenrun-7cfc9fed-b46f-4eea-9cde-cf7fd300bbaf] INFO  o.eclipse.m2e.core.internal.Bundles - 	Entry: C:\eclipse-jee-2023-12-R-win32-x86_64\eclipse\plugins\org.eclipse.m2e.maven.runtime_3.9.500.20231113-2345\jars\maven-resolver-spi-1.9.16.jar
2026-07-10 15:38:09,661 [Worker-75: Launching mavenrun-7cfc9fed-b46f-4eea-9cde-cf7fd300bbaf] INFO  o.eclipse.m2e.core.internal.Bundles - 	Entry: C:\eclipse-jee-2023-12-R-win32-x86_64\eclipse\plugins\org.eclipse.m2e.maven.runtime_3.9.500.20231113-2345\jars\maven-resolver-transport-file-1.9.16.jar
2026-07-10 15:38:09,661 [Worker-75: Launching mavenrun-7cfc9fed-b46f-4eea-9cde-cf7fd300bbaf] INFO  o.eclipse.m2e.core.internal.Bundles - 	Entry: C:\eclipse-jee-2023-12-R-win32-x86_64\eclipse\plugins\org.eclipse.m2e.maven.runtime_3.9.500.20231113-2345\jars\maven-resolver-transport-http-1.9.16.jar
2026-07-10 15:38:09,661 [Worker-75: Launching mavenrun-7cfc9fed-b46f-4eea-9cde-cf7fd300bbaf] INFO  o.eclipse.m2e.core.internal.Bundles - 	Entry: C:\eclipse-jee-2023-12-R-win32-x86_64\eclipse\plugins\org.eclipse.m2e.maven.runtime_3.9.500.20231113-2345\jars\maven-resolver-transport-wagon-1.9.16.jar
2026-07-10 15:38:09,662 [Worker-75: Launching mavenrun-7cfc9fed-b46f-4eea-9cde-cf7fd300bbaf] INFO  o.eclipse.m2e.core.internal.Bundles - 	Entry: C:\eclipse-jee-2023-12-R-win32-x86_64\eclipse\plugins\org.eclipse.m2e.maven.runtime_3.9.500.20231113-2345\jars\maven-resolver-util-1.9.16.jar
2026-07-10 15:38:09,662 [Worker-75: Launching mavenrun-7cfc9fed-b46f-4eea-9cde-cf7fd300bbaf] INFO  o.eclipse.m2e.core.internal.Bundles - 	Entry: C:\eclipse-jee-2023-12-R-win32-x86_64\eclipse\plugins\org.eclipse.m2e.maven.runtime_3.9.500.20231113-2345\jars\maven-settings-3.9.5.jar
2026-07-10 15:38:09,664 [Worker-75: Launching mavenrun-7cfc9fed-b46f-4eea-9cde-cf7fd300bbaf] INFO  o.eclipse.m2e.core.internal.Bundles - 	Entry: C:\eclipse-jee-2023-12-R-win32-x86_64\eclipse\plugins\org.eclipse.m2e.maven.runtime_3.9.500.20231113-2345\jars\maven-settings-builder-3.9.5.jar
2026-07-10 15:38:09,664 [Worker-75: Launching mavenrun-7cfc9fed-b46f-4eea-9cde-cf7fd300bbaf] INFO  o.eclipse.m2e.core.internal.Bundles - 	Entry: C:\eclipse-jee-2023-12-R-win32-x86_64\eclipse\plugins\org.eclipse.m2e.maven.runtime_3.9.500.20231113-2345\jars\maven-shared-utils-3.3.4.jar
2026-07-10 15:38:09,665 [Worker-75: Launching mavenrun-7cfc9fed-b46f-4eea-9cde-cf7fd300bbaf] INFO  o.eclipse.m2e.core.internal.Bundles - 	Entry: C:\eclipse-jee-2023-12-R-win32-x86_64\eclipse\plugins\org.eclipse.m2e.maven.runtime_3.9.500.20231113-2345\jars\org.eclipse.sisu.inject-0.3.5.jar
2026-07-10 15:38:09,665 [Worker-75: Launching mavenrun-7cfc9fed-b46f-4eea-9cde-cf7fd300bbaf] INFO  o.eclipse.m2e.core.internal.Bundles - 	Entry: C:\eclipse-jee-2023-12-R-win32-x86_64\eclipse\plugins\org.eclipse.m2e.maven.runtime_3.9.500.20231113-2345\jars\org.eclipse.sisu.plexus-0.3.5.jar
2026-07-10 15:38:09,665 [Worker-75: Launching mavenrun-7cfc9fed-b46f-4eea-9cde-cf7fd300bbaf] INFO  o.eclipse.m2e.core.internal.Bundles - 	Entry: C:\eclipse-jee-2023-12-R-win32-x86_64\eclipse\plugins\org.eclipse.m2e.maven.runtime_3.9.500.20231113-2345\jars\plexus-build-api-0.0.7.jar
2026-07-10 15:38:09,666 [Worker-75: Launching mavenrun-7cfc9fed-b46f-4eea-9cde-cf7fd300bbaf] INFO  o.eclipse.m2e.core.internal.Bundles - 	Entry: C:\eclipse-jee-2023-12-R-win32-x86_64\eclipse\plugins\org.eclipse.m2e.maven.runtime_3.9.500.20231113-2345\jars\plexus-cipher-2.0.jar
2026-07-10 15:38:09,667 [Worker-75: Launching mavenrun-7cfc9fed-b46f-4eea-9cde-cf7fd300bbaf] INFO  o.eclipse.m2e.core.internal.Bundles - 	Entry: C:\eclipse-jee-2023-12-R-win32-x86_64\eclipse\plugins\org.eclipse.m2e.maven.runtime_3.9.500.20231113-2345\jars\plexus-classworlds-2.7.0.jar
2026-07-10 15:38:09,668 [Worker-75: Launching mavenrun-7cfc9fed-b46f-4eea-9cde-cf7fd300bbaf] INFO  o.eclipse.m2e.core.internal.Bundles - 	Entry: C:\eclipse-jee-2023-12-R-win32-x86_64\eclipse\plugins\org.eclipse.m2e.maven.runtime_3.9.500.20231113-2345\jars\plexus-component-annotations-2.1.0.jar
2026-07-10 15:38:09,669 [Worker-75: Launching mavenrun-7cfc9fed-b46f-4eea-9cde-cf7fd300bbaf] INFO  o.eclipse.m2e.core.internal.Bundles - 	Entry: C:\eclipse-jee-2023-12-R-win32-x86_64\eclipse\plugins\org.eclipse.m2e.maven.runtime_3.9.500.20231113-2345\jars\plexus-interpolation-1.26.jar
2026-07-10 15:38:09,670 [Worker-75: Launching mavenrun-7cfc9fed-b46f-4eea-9cde-cf7fd300bbaf] INFO  o.eclipse.m2e.core.internal.Bundles - 	Entry: C:\eclipse-jee-2023-12-R-win32-x86_64\eclipse\plugins\org.eclipse.m2e.maven.runtime_3.9.500.20231113-2345\jars\plexus-sec-dispatcher-2.0.jar
2026-07-10 15:38:09,671 [Worker-75: Launching mavenrun-7cfc9fed-b46f-4eea-9cde-cf7fd300bbaf] INFO  o.eclipse.m2e.core.internal.Bundles - 	Entry: C:\eclipse-jee-2023-12-R-win32-x86_64\eclipse\plugins\org.eclipse.m2e.maven.runtime_3.9.500.20231113-2345\jars\plexus-utils-3.5.1.jar
2026-07-10 15:38:09,671 [Worker-75: Launching mavenrun-7cfc9fed-b46f-4eea-9cde-cf7fd300bbaf] INFO  o.eclipse.m2e.core.internal.Bundles - 	Entry: C:\eclipse-jee-2023-12-R-win32-x86_64\eclipse\plugins\org.eclipse.m2e.maven.runtime_3.9.500.20231113-2345\jars\wagon-file-3.5.3.jar
2026-07-10 15:38:09,671 [Worker-75: Launching mavenrun-7cfc9fed-b46f-4eea-9cde-cf7fd300bbaf] INFO  o.eclipse.m2e.core.internal.Bundles - 	Entry: C:\eclipse-jee-2023-12-R-win32-x86_64\eclipse\plugins\org.eclipse.m2e.maven.runtime_3.9.500.20231113-2345\jars\wagon-http-3.5.3.jar
2026-07-10 15:38:09,671 [Worker-75: Launching mavenrun-7cfc9fed-b46f-4eea-9cde-cf7fd300bbaf] INFO  o.eclipse.m2e.core.internal.Bundles - 	Entry: C:\eclipse-jee-2023-12-R-win32-x86_64\eclipse\plugins\org.eclipse.m2e.maven.runtime_3.9.500.20231113-2345\jars\wagon-http-shared-3.5.3.jar
2026-07-10 15:38:09,672 [Worker-75: Launching mavenrun-7cfc9fed-b46f-4eea-9cde-cf7fd300bbaf] INFO  o.eclipse.m2e.core.internal.Bundles - 	Entry: C:\eclipse-jee-2023-12-R-win32-x86_64\eclipse\plugins\org.eclipse.m2e.maven.runtime_3.9.500.20231113-2345\jars\wagon-provider-api-3.5.3.jar
2026-07-10 15:38:09,674 [Worker-75: Launching mavenrun-7cfc9fed-b46f-4eea-9cde-cf7fd300bbaf] INFO  o.eclipse.m2e.core.internal.Bundles - getClasspathEntries(Bundle=com.google.guava_32.1.3.jre [12])
2026-07-10 15:38:09,675 [Worker-75: Launching mavenrun-7cfc9fed-b46f-4eea-9cde-cf7fd300bbaf] INFO  o.eclipse.m2e.core.internal.Bundles - 	Entry: C:\eclipse-jee-2023-12-R-win32-x86_64\eclipse\plugins\com.google.guava_32.1.3.jre.jar
2026-07-10 15:38:09,675 [Worker-75: Launching mavenrun-7cfc9fed-b46f-4eea-9cde-cf7fd300bbaf] INFO  o.eclipse.m2e.core.internal.Bundles - getClasspathEntries(Bundle=slf4j.api_2.0.9 [989])
2026-07-10 15:38:09,676 [Worker-75: Launching mavenrun-7cfc9fed-b46f-4eea-9cde-cf7fd300bbaf] INFO  o.eclipse.m2e.core.internal.Bundles - 	Entry: C:\eclipse-jee-2023-12-R-win32-x86_64\eclipse\plugins\slf4j.api_2.0.9.jar
2026-07-10 15:38:09,676 [Worker-75: Launching mavenrun-7cfc9fed-b46f-4eea-9cde-cf7fd300bbaf] INFO  o.eclipse.m2e.core.internal.Bundles - getClasspathEntries(Bundle=jakarta.inject.jakarta.inject-api_1.0.5 [29])
2026-07-10 15:38:09,676 [Worker-75: Launching mavenrun-7cfc9fed-b46f-4eea-9cde-cf7fd300bbaf] INFO  o.eclipse.m2e.core.internal.Bundles - 	Entry: C:\eclipse-jee-2023-12-R-win32-x86_64\eclipse\plugins\jakarta.inject.jakarta.inject-api_1.0.5.jar
2026-07-10 15:38:09,676 [Worker-75: Launching mavenrun-7cfc9fed-b46f-4eea-9cde-cf7fd300bbaf] INFO  o.eclipse.m2e.core.internal.Bundles - getClasspathEntries(Bundle=jakarta.annotation-api_1.3.5 [24])
2026-07-10 15:38:09,677 [Worker-75: Launching mavenrun-7cfc9fed-b46f-4eea-9cde-cf7fd300bbaf] INFO  o.eclipse.m2e.core.internal.Bundles - 	Entry: C:\eclipse-jee-2023-12-R-win32-x86_64\eclipse\plugins\jakarta.annotation-api_1.3.5.jar
2026-07-10 15:38:09,677 [Worker-75: Launching mavenrun-7cfc9fed-b46f-4eea-9cde-cf7fd300bbaf] INFO  o.eclipse.m2e.core.internal.Bundles - getClasspathEntries(Bundle=org.apache.commons.cli_1.6.0 [71])
2026-07-10 15:38:09,678 [Worker-75: Launching mavenrun-7cfc9fed-b46f-4eea-9cde-cf7fd300bbaf] INFO  o.eclipse.m2e.core.internal.Bundles - 	Entry: C:\eclipse-jee-2023-12-R-win32-x86_64\eclipse\plugins\org.apache.commons.cli_1.6.0.jar
2026-07-10 15:38:09,678 [Worker-75: Launching mavenrun-7cfc9fed-b46f-4eea-9cde-cf7fd300bbaf] INFO  o.eclipse.m2e.core.internal.Bundles - getClasspathEntries(Bundle=org.apache.commons.commons-codec_1.16.0 [75])
2026-07-10 15:38:09,679 [Worker-75: Launching mavenrun-7cfc9fed-b46f-4eea-9cde-cf7fd300bbaf] INFO  o.eclipse.m2e.core.internal.Bundles - 	Entry: C:\eclipse-jee-2023-12-R-win32-x86_64\eclipse\plugins\org.apache.commons.commons-codec_1.16.0.jar
2026-07-10 15:38:09,679 [Worker-75: Launching mavenrun-7cfc9fed-b46f-4eea-9cde-cf7fd300bbaf] INFO  o.eclipse.m2e.core.internal.Bundles - getClasspathEntries(Bundle=org.apache.commons.lang3_3.13.0 [82])
2026-07-10 15:38:09,681 [Worker-75: Launching mavenrun-7cfc9fed-b46f-4eea-9cde-cf7fd300bbaf] INFO  o.eclipse.m2e.core.internal.Bundles - 	Entry: C:\eclipse-jee-2023-12-R-win32-x86_64\eclipse\plugins\org.apache.commons.lang3_3.13.0.jar
2026-07-10 15:38:09,681 [Worker-75: Launching mavenrun-7cfc9fed-b46f-4eea-9cde-cf7fd300bbaf] INFO  o.eclipse.m2e.core.internal.Bundles - getClasspathEntries(Bundle=com.google.guava.failureaccess_1.0.2 [13])
2026-07-10 15:38:09,682 [Worker-75: Launching mavenrun-7cfc9fed-b46f-4eea-9cde-cf7fd300bbaf] INFO  o.eclipse.m2e.core.internal.Bundles - 	Entry: C:\eclipse-jee-2023-12-R-win32-x86_64\eclipse\plugins\com.google.guava.failureaccess_1.0.2.jar
2026-07-10 15:38:09,691 [Worker-75: Launching mavenrun-7cfc9fed-b46f-4eea-9cde-cf7fd300bbaf] INFO  o.e.m.i.launch.MavenLaunchDelegate - Run build in "C:\Users\boras\AppData\Local\Temp\m2e-archetypeGenerator18241605824301666316":
2026-07-10 15:38:09,692 [Worker-75: Launching mavenrun-7cfc9fed-b46f-4eea-9cde-cf7fd300bbaf] INFO  o.e.m.i.launch.MavenLaunchDelegate -  mvn  -DarchetypeGroupId=org.apache.maven.archetypes -DarchetypeArtifactId=maven-archetype-quickstart -DarchetypeVersion=1.4 -DgroupId=DSA -DartifactId=LinkListDemo -Dversion=0.0.1-SNAPSHOT -Dpackage=DSA.LinkListDemo -DoutputDirectory=D:\WorkSpace -Dstyle.color=always -U archetype:generate
2026-07-10 15:38:28,464 [Worker-74: Creating maven-archetype-quickstart] INFO  o.e.m.c.i.p.ProjectConfigurationManager - Collecting project info '/pom.xml' D:\WorkSpace\LinkListDemo\pom.xml
2026-07-10 15:38:32,831 [Worker-74: Creating maven-archetype-quickstart] INFO  o.e.m.c.i.l.LifecycleMappingFactory - Using org.eclipse.m2e.jdt.JarLifecycleMapping lifecycle mapping for MavenProject: DSA:LinkListDemo:0.0.1-SNAPSHOT @ D:\WorkSpace\LinkListDemo\pom.xml.
2026-07-10 15:38:33,305 [Worker-74: Creating maven-archetype-quickstart] INFO  o.e.m.j.i.AbstractJavaProjectConfigurator - Adding source folder /LinkListDemo/src/main/java
2026-07-10 15:38:33,306 [Worker-74: Creating maven-archetype-quickstart] INFO  o.e.m.j.i.AbstractJavaProjectConfigurator - Adding resource folder /LinkListDemo/src/main/resources
2026-07-10 15:38:33,319 [Worker-74: Creating maven-archetype-quickstart] INFO  o.e.m.j.i.AbstractJavaProjectConfigurator - Adding source folder /LinkListDemo/src/test/java
2026-07-10 15:38:33,319 [Worker-74: Creating maven-archetype-quickstart] INFO  o.e.m.j.i.AbstractJavaProjectConfigurator - Adding resource folder /LinkListDemo/src/test/resources
2026-07-10 15:38:33,462 [Worker-74: Creating maven-archetype-quickstart] INFO  o.e.m.c.i.p.ProjectConfigurationManager - Imported and configured 1 project(s) in 4 sec
2026-07-10 15:38:33,828 [Worker-80: Building] INFO  o.e.m.c.i.embedder.EclipseLogger - Using 'UTF-8' encoding to copy filtered resources.
2026-07-10 15:38:33,828 [Worker-80: Building] INFO  o.e.m.c.i.embedder.EclipseLogger - skip non existing resourceDirectory D:\WorkSpace\LinkListDemo\src\main\resources
2026-07-10 15:38:33,831 [Worker-80: Building] INFO  o.e.m.c.i.embedder.EclipseLogger - Using 'UTF-8' encoding to copy filtered resources.
2026-07-10 15:38:33,831 [Worker-80: Building] INFO  o.e.m.c.i.embedder.EclipseLogger - skip non existing resourceDirectory D:\WorkSpace\LinkListDemo\src\test\resources
2026-07-10 15:40:54,097 [Worker-83: Building] INFO  o.e.m.c.i.embedder.EclipseLogger - Using 'UTF-8' encoding to copy filtered resources.
2026-07-10 15:40:54,097 [Worker-83: Building] INFO  o.e.m.c.i.embedder.EclipseLogger - skip non existing resourceDirectory D:\WorkSpace\LinkListDemo\src\main\resources
2026-07-10 15:40:54,100 [Worker-83: Building] INFO  o.e.m.c.i.embedder.EclipseLogger - Using 'UTF-8' encoding to copy filtered resources.
2026-07-10 15:40:54,101 [Worker-83: Building] INFO  o.e.m.c.i.embedder.EclipseLogger - skip non existing resourceDirectory D:\WorkSpace\LinkListDemo\src\test\resources
2026-07-10 15:42:22,637 [Worker-84: Building] INFO  o.e.m.c.i.embedder.EclipseLogger - Using 'UTF-8' encoding to copy filtered resources.
2026-07-10 15:42:22,637 [Worker-84: Building] INFO  o.e.m.c.i.embedder.EclipseLogger - skip non existing resourceDirectory D:\WorkSpace\LinkListDemo\src\main\resources
2026-07-10 15:42:22,639 [Worker-84: Building] INFO  o.e.m.c.i.embedder.EclipseLogger - Using 'UTF-8' encoding to copy filtered resources.
2026-07-10 15:42:22,640 [Worker-84: Building] INFO  o.e.m.c.i.embedder.EclipseLogger - skip non existing resourceDirectory D:\WorkSpace\LinkListDemo\src\test\resources
2026-07-10 15:44:36,758 [Worker-83: Building] INFO  o.e.m.c.i.embedder.EclipseLogger - Using 'UTF-8' encoding to copy filtered resources.
2026-07-10 15:44:36,759 [Worker-83: Building] INFO  o.e.m.c.i.embedder.EclipseLogger - skip non existing resourceDirectory D:\WorkSpace\LinkListDemo\src\main\resources
2026-07-10 15:44:36,764 [Worker-83: Building] INFO  o.e.m.c.i.embedder.EclipseLogger - Using 'UTF-8' encoding to copy filtered resources.
2026-07-10 15:44:36,764 [Worker-83: Building] INFO  o.e.m.c.i.embedder.EclipseLogger - skip non existing resourceDirectory D:\WorkSpace\LinkListDemo\src\test\resources
2026-07-10 15:45:02,314 [Worker-86: Building] INFO  o.e.m.c.i.embedder.EclipseLogger - Using 'UTF-8' encoding to copy filtered resources.
2026-07-10 15:45:02,314 [Worker-86: Building] INFO  o.e.m.c.i.embedder.EclipseLogger - skip non existing resourceDirectory D:\WorkSpace\LinkListDemo\src\main\resources
2026-07-10 15:45:02,317 [Worker-86: Building] INFO  o.e.m.c.i.embedder.EclipseLogger - Using 'UTF-8' encoding to copy filtered resources.
2026-07-10 15:45:02,317 [Worker-86: Building] INFO  o.e.m.c.i.embedder.EclipseLogger - skip non existing resourceDirectory D:\WorkSpace\LinkListDemo\src\test\resources
2026-07-10 16:01:57,795 [Worker-89: Building] INFO  o.e.m.c.i.embedder.EclipseLogger - Using 'UTF-8' encoding to copy filtered resources.
2026-07-10 16:01:57,795 [Worker-89: Building] INFO  o.e.m.c.i.embedder.EclipseLogger - skip non existing resourceDirectory D:\WorkSpace\LinkListDemo\src\main\resources
2026-07-10 16:01:57,798 [Worker-89: Building] INFO  o.e.m.c.i.embedder.EclipseLogger - Using 'UTF-8' encoding to copy filtered resources.
2026-07-10 16:01:57,798 [Worker-89: Building] INFO  o.e.m.c.i.embedder.EclipseLogger - skip non existing resourceDirectory D:\WorkSpace\LinkListDemo\src\test\resources
2026-07-10 19:52:21,783 [Worker-138: Building] INFO  o.e.m.c.i.embedder.EclipseLogger - Using 'UTF-8' encoding to copy filtered resources.
2026-07-10 19:52:21,814 [Worker-138: Building] INFO  o.e.m.c.i.embedder.EclipseLogger - skip non existing resourceDirectory D:\WorkSpace\LinkListDemo\src\main\resources
2026-07-10 19:52:21,823 [Worker-138: Building] INFO  o.e.m.c.i.embedder.EclipseLogger - Using 'UTF-8' encoding to copy filtered resources.
2026-07-10 19:52:21,824 [Worker-138: Building] INFO  o.e.m.c.i.embedder.EclipseLogger - skip non existing resourceDirectory D:\WorkSpace\LinkListDemo\src\test\resources
